Command line invocation:
    /Applications/Xcode.app/Contents/Developer/usr/bin/xcodebuild -scheme CheerPracticePlayer -sdk iphonesimulator clean build

Build settings from command line:
    SDKROOT = iphonesimulator26.4

--- xcodebuild: WARNING: Using the first of multiple matching destinations:
{ platform:iOS Simulator, id:dvtdevice-DVTiOSDeviceSimulatorPlaceholder-iphonesimulator:placeholder, name:Any iOS Simulator Device }
{ platform:iOS Simulator, arch:arm64, id:511C9045-D99F-4918-9342-68E2DBEA64CB, OS:26.3.1, name:iPad (A16) }
{ platform:iOS Simulator, arch:arm64, id:BB557348-9B90-41AF-A26F-3FE166D1A591, OS:26.4, name:iPad (A16) }
{ platform:iOS Simulator, arch:arm64, id:F2F2114C-5E14-4E24-B45F-8C4AEE476293, OS:26.3.1, name:iPad Air 11-inch (M3) }
{ platform:iOS Simulator, arch:arm64, id:8B946034-FEFC-4057-A3F2-CA2F28CEF056, OS:26.3.1, name:iPad Air 11-inch (M4) }
{ platform:iOS Simulator, arch:arm64, id:14F3C30F-A9C6-4F49-A123-2C2443082CED, OS:26.4, name:iPad Air 11-inch (M4) }
{ platform:iOS Simulator, arch:arm64, id:472B3147-96FA-4701-B217-093B9AFC10EF, OS:26.3.1, name:iPad Air 13-inch (M3) }
{ platform:iOS Simulator, arch:arm64, id:B8EF7BCB-6582-4F5B-A0A0-F4191B1EF95C, OS:26.3.1, name:iPad Air 13-inch (M4) }
{ platform:iOS Simulator, arch:arm64, id:05BABB8F-F0B8-496C-B3B5-FF07B9A0DD0D, OS:26.4, name:iPad Air 13-inch (M4) }
{ platform:iOS Simulator, arch:arm64, id:4676C328-77F6-47FA-85E1-B6E327B0E17C, OS:18.5, name:iPad Pro 11-inch }
{ platform:iOS Simulator, arch:x86_64, id:4676C328-77F6-47FA-85E1-B6E327B0E17C, OS:18.5, name:iPad Pro 11-inch }
{ platform:iOS Simulator, arch:arm64, id:F700E2BD-7118-406B-B436-BE1D6130D778, OS:26.3.1, name:iPad Pro 11-inch (M5) }
{ platform:iOS Simulator, arch:arm64, id:3ABF08FD-37E6-4145-A675-CDD2D79D842E, OS:26.4, name:iPad Pro 11-inch (M5) }
{ platform:iOS Simulator, arch:arm64, id:5A5CF803-2B60-40E4-BD5A-67D38C50FA59, OS:26.3.1, name:iPad Pro 13-inch (M5) }
{ platform:iOS Simulator, arch:arm64, id:A7A0E43C-2B23-458B-90DB-41D74AE8DD0D, OS:26.4, name:iPad Pro 13-inch (M5) }
{ platform:iOS Simulator, arch:arm64, id:068EAC8E-BAA5-46E2-A822-7BD1AC709D83, OS:26.3.1, name:iPad mini (A17 Pro) }
{ platform:iOS Simulator, arch:arm64, id:033A1579-262C-4906-88CA-B8C5DA232819, OS:26.4, name:iPad mini (A17 Pro) }
{ platform:iOS Simulator, arch:arm64, id:9FAFE282-E89F-428D-B21E-6547BAF64A4C, OS:26.3.1, name:iPhone 16e }
{ platform:iOS Simulator, arch:arm64, id:BF70869B-26F4-4701-B3F0-815DEB756B9C, OS:26.3.1, name:iPhone 17 }
{ platform:iOS Simulator, arch:arm64, id:F2A68C9A-B660-4F4A-81A0-3B6C8E1285E4, OS:26.4, name:iPhone 17 }
{ platform:iOS Simulator, arch:arm64, id:C0C74521-81DF-4312-BBAB-8E20B5B995A0, OS:26.3.1, name:iPhone 17 Pro }
{ platform:iOS Simulator, arch:arm64, id:4783ACB2-4481-436C-B812-1A28F258D9B4, OS:26.4, name:iPhone 17 Pro }
{ platform:iOS Simulator, arch:arm64, id:5C6CF15B-624D-4297-90D6-912F47D6E2CE, OS:26.3.1, name:iPhone 17 Pro Max }
{ platform:iOS Simulator, arch:arm64, id:A706FB62-59FE-4BEE-99B5-7AAF7500D69A, OS:26.4, name:iPhone 17 Pro Max }
{ platform:iOS Simulator, arch:arm64, id:D7FEB2CC-1AE8-46D6-8B09-0BBD238A7641, OS:26.3.1, name:iPhone 17e }
{ platform:iOS Simulator, arch:arm64, id:71BD9135-D86F-49E9-A900-F97313992401, OS:26.4, name:iPhone 17e }
{ platform:iOS Simulator, arch:arm64, id:57C7343E-EC57-4AB5-BE9D-BC7E048515AE, OS:26.3.1, name:iPhone Air }
{ platform:iOS Simulator, arch:arm64, id:8913259D-5774-4289-80A5-C1A57110CA37, OS:26.4, name:iPhone Air }
{ platform:visionOS Simulator, arch:arm64, variant:Designed for [iPad,iPhone], id:AC166E1B-8908-46DC-80CC-4925A0DC0755, OS:26.4, name:Apple Vision Pro }
{ platform:macOS, arch:arm64, variant:Designed for [iPad,iPhone], id:00006022-001A70E92604A01E, name:My Mac }
{ platform:iOS, id:dvtdevice-DVTiPhonePlaceholder-iphoneos:placeholder, name:Any iOS Device }
{ platform:iOS, arch:arm64, id:00008122-0008291A3691801C, name:ianPad }
{ platform:iOS, arch:arm64, id:00008150-000575823447801C, name:this is ian.  }
CreateBuildRequest

SendProjectDescription

CreateBuildOperation

** CLEAN SUCCEEDED **

--- xcodebuild: WARNING: Using the first of multiple matching destinations:
{ platform:iOS Simulator, id:dvtdevice-DVTiOSDeviceSimulatorPlaceholder-iphonesimulator:placeholder, name:Any iOS Simulator Device }
{ platform:iOS Simulator, arch:arm64, id:511C9045-D99F-4918-9342-68E2DBEA64CB, OS:26.3.1, name:iPad (A16) }
{ platform:iOS Simulator, arch:arm64, id:BB557348-9B90-41AF-A26F-3FE166D1A591, OS:26.4, name:iPad (A16) }
{ platform:iOS Simulator, arch:arm64, id:F2F2114C-5E14-4E24-B45F-8C4AEE476293, OS:26.3.1, name:iPad Air 11-inch (M3) }
{ platform:iOS Simulator, arch:arm64, id:8B946034-FEFC-4057-A3F2-CA2F28CEF056, OS:26.3.1, name:iPad Air 11-inch (M4) }
{ platform:iOS Simulator, arch:arm64, id:14F3C30F-A9C6-4F49-A123-2C2443082CED, OS:26.4, name:iPad Air 11-inch (M4) }
{ platform:iOS Simulator, arch:arm64, id:472B3147-96FA-4701-B217-093B9AFC10EF, OS:26.3.1, name:iPad Air 13-inch (M3) }
{ platform:iOS Simulator, arch:arm64, id:B8EF7BCB-6582-4F5B-A0A0-F4191B1EF95C, OS:26.3.1, name:iPad Air 13-inch (M4) }
{ platform:iOS Simulator, arch:arm64, id:05BABB8F-F0B8-496C-B3B5-FF07B9A0DD0D, OS:26.4, name:iPad Air 13-inch (M4) }
{ platform:iOS Simulator, arch:arm64, id:4676C328-77F6-47FA-85E1-B6E327B0E17C, OS:18.5, name:iPad Pro 11-inch }
{ platform:iOS Simulator, arch:x86_64, id:4676C328-77F6-47FA-85E1-B6E327B0E17C, OS:18.5, name:iPad Pro 11-inch }
{ platform:iOS Simulator, arch:arm64, id:F700E2BD-7118-406B-B436-BE1D6130D778, OS:26.3.1, name:iPad Pro 11-inch (M5) }
{ platform:iOS Simulator, arch:arm64, id:3ABF08FD-37E6-4145-A675-CDD2D79D842E, OS:26.4, name:iPad Pro 11-inch (M5) }
{ platform:iOS Simulator, arch:arm64, id:5A5CF803-2B60-40E4-BD5A-67D38C50FA59, OS:26.3.1, name:iPad Pro 13-inch (M5) }
{ platform:iOS Simulator, arch:arm64, id:A7A0E43C-2B23-458B-90DB-41D74AE8DD0D, OS:26.4, name:iPad Pro 13-inch (M5) }
{ platform:iOS Simulator, arch:arm64, id:068EAC8E-BAA5-46E2-A822-7BD1AC709D83, OS:26.3.1, name:iPad mini (A17 Pro) }
{ platform:iOS Simulator, arch:arm64, id:033A1579-262C-4906-88CA-B8C5DA232819, OS:26.4, name:iPad mini (A17 Pro) }
{ platform:iOS Simulator, arch:arm64, id:9FAFE282-E89F-428D-B21E-6547BAF64A4C, OS:26.3.1, name:iPhone 16e }
{ platform:iOS Simulator, arch:arm64, id:BF70869B-26F4-4701-B3F0-815DEB756B9C, OS:26.3.1, name:iPhone 17 }
{ platform:iOS Simulator, arch:arm64, id:F2A68C9A-B660-4F4A-81A0-3B6C8E1285E4, OS:26.4, name:iPhone 17 }
{ platform:iOS Simulator, arch:arm64, id:C0C74521-81DF-4312-BBAB-8E20B5B995A0, OS:26.3.1, name:iPhone 17 Pro }
{ platform:iOS Simulator, arch:arm64, id:4783ACB2-4481-436C-B812-1A28F258D9B4, OS:26.4, name:iPhone 17 Pro }
{ platform:iOS Simulator, arch:arm64, id:5C6CF15B-624D-4297-90D6-912F47D6E2CE, OS:26.3.1, name:iPhone 17 Pro Max }
{ platform:iOS Simulator, arch:arm64, id:A706FB62-59FE-4BEE-99B5-7AAF7500D69A, OS:26.4, name:iPhone 17 Pro Max }
{ platform:iOS Simulator, arch:arm64, id:D7FEB2CC-1AE8-46D6-8B09-0BBD238A7641, OS:26.3.1, name:iPhone 17e }
{ platform:iOS Simulator, arch:arm64, id:71BD9135-D86F-49E9-A900-F97313992401, OS:26.4, name:iPhone 17e }
{ platform:iOS Simulator, arch:arm64, id:57C7343E-EC57-4AB5-BE9D-BC7E048515AE, OS:26.3.1, name:iPhone Air }
{ platform:iOS Simulator, arch:arm64, id:8913259D-5774-4289-80A5-C1A57110CA37, OS:26.4, name:iPhone Air }
{ platform:visionOS Simulator, arch:arm64, variant:Designed for [iPad,iPhone], id:AC166E1B-8908-46DC-80CC-4925A0DC0755, OS:26.4, name:Apple Vision Pro }
{ platform:macOS, arch:arm64, variant:Designed for [iPad,iPhone], id:00006022-001A70E92604A01E, name:My Mac }
{ platform:iOS, id:dvtdevice-DVTiPhonePlaceholder-iphoneos:placeholder, name:Any iOS Device }
{ platform:iOS, arch:arm64, id:00008122-0008291A3691801C, name:ianPad }
{ platform:iOS, arch:arm64, id:00008150-000575823447801C, name:this is ian.  }
ComputePackagePrebuildTargetDependencyGraph

Prepare packages

CreateBuildRequest

SendProjectDescription

CreateBuildOperation

ComputeTargetDependencyGraph
note: Building targets in dependency order
note: Target dependency graph (1 target)
    Target 'CheerPracticePlayer' in project 'CheerPracticePlayer' (no dependencies)

GatherProvisioningInputs

CreateBuildDescription

ExecuteExternalTool /Applications/Xcode.app/Contents/Developer/Toolchains/XcodeDefault.xctoolchain/usr/bin/clang -v -E -dM -isysroot /Applications/Xcode.app/Contents/Developer/Platforms/iPhoneSimulator.platform/Developer/SDKs/iPhoneSimulator26.4.sdk -x c -c /dev/null

ExecuteExternalTool /Applications/Xcode.app/Contents/Developer/usr/bin/actool --print-asset-tag-combinations --output-format xml1 /Users/ianrichardson/Projects/CheerPracticePlayer/Resources/Assets.xcassets

ExecuteExternalTool /Applications/Xcode.app/Contents/Developer/usr/bin/actool --version --output-format xml1

ExecuteExternalTool /Applications/Xcode.app/Contents/Developer/Toolchains/XcodeDefault.xctoolchain/usr/bin/swiftc --version

ExecuteExternalTool /Applications/Xcode.app/Contents/Developer/Toolchains/XcodeDefault.xctoolchain/usr/bin/ld -version_details

Build description signature: e031a5a707f0890794a64c6af8a43a01
Build description path: /Users/ianrichardson/Library/Developer/Xcode/DerivedData/CheerPracticePlayer-gmffchwmywpbcjavdhbisbesxsco/Build/Intermediates.noindex/XCBuildData/e031a5a707f0890794a64c6af8a43a01.xcbuilddata
ClangStatCache /Applications/Xcode.app/Contents/Developer/Toolchains/XcodeDefault.xctoolchain/usr/bin/clang-stat-cache /Applications/Xcode.app/Contents/Developer/Platforms/iPhoneSimulator.platform/Developer/SDKs/iPhoneSimulator26.4.sdk /Users/ianrichardson/Library/Developer/Xcode/DerivedData/SDKStatCaches.noindex/iphonesimulator26.4-23E237-688ef53f1462e2c8f657fdc38a81448f686eebb5dc1d8ecb277353a59184f4aa.sdkstatcache
    cd /Users/ianrichardson/Projects/CheerPracticePlayer/CheerPracticePlayer.xcodeproj
    /Applications/Xcode.app/Contents/Developer/Toolchains/XcodeDefault.xctoolchain/usr/bin/clang-stat-cache /Applications/Xcode.app/Contents/Developer/Platforms/iPhoneSimulator.platform/Developer/SDKs/iPhoneSimulator26.4.sdk -o /Users/ianrichardson/Library/Developer/Xcode/DerivedData/SDKStatCaches.noindex/iphonesimulator26.4-23E237-688ef53f1462e2c8f657fdc38a81448f686eebb5dc1d8ecb277353a59184f4aa.sdkstatcache

CreateBuildDirectory /Users/ianrichardson/Library/Developer/Xcode/DerivedData/CheerPracticePlayer-gmffchwmywpbcjavdhbisbesxsco/Build/Products
    cd /Users/ianrichardson/Projects/CheerPracticePlayer/CheerPracticePlayer.xcodeproj
    builtin-create-build-directory /Users/ianrichardson/Library/Developer/Xcode/DerivedData/CheerPracticePlayer-gmffchwmywpbcjavdhbisbesxsco/Build/Products

CreateBuildDirectory /Users/ianrichardson/Library/Developer/Xcode/DerivedData/CheerPracticePlayer-gmffchwmywpbcjavdhbisbesxsco/Build/Intermediates.noindex
    cd /Users/ianrichardson/Projects/CheerPracticePlayer/CheerPracticePlayer.xcodeproj
    builtin-create-build-directory /Users/ianrichardson/Library/Developer/Xcode/DerivedData/CheerPracticePlayer-gmffchwmywpbcjavdhbisbesxsco/Build/Intermediates.noindex

CreateBuildDirectory /Users/ianrichardson/Library/Developer/Xcode/DerivedData/CheerPracticePlayer-gmffchwmywpbcjavdhbisbesxsco/Build/Intermediates.noindex/ExplicitPrecompiledModules
    cd /Users/ianrichardson/Projects/CheerPracticePlayer/CheerPracticePlayer.xcodeproj
    builtin-create-build-directory /Users/ianrichardson/Library/Developer/Xcode/DerivedData/CheerPracticePlayer-gmffchwmywpbcjavdhbisbesxsco/Build/Intermediates.noindex/ExplicitPrecompiledModules

CreateBuildDirectory /Users/ianrichardson/Library/Developer/Xcode/DerivedData/CheerPracticePlayer-gmffchwmywpbcjavdhbisbesxsco/Build/Intermediates.noindex/SwiftExplicitPrecompiledModules
    cd /Users/ianrichardson/Projects/CheerPracticePlayer/CheerPracticePlayer.xcodeproj
    builtin-create-build-directory /Users/ianrichardson/Library/Developer/Xcode/DerivedData/CheerPracticePlayer-gmffchwmywpbcjavdhbisbesxsco/Build/Intermediates.noindex/SwiftExplicitPrecompiledModules

CreateBuildDirectory /Users/ianrichardson/Library/Developer/Xcode/DerivedData/CheerPracticePlayer-gmffchwmywpbcjavdhbisbesxsco/Build/Products/Debug-iphonesimulator
    cd /Users/ianrichardson/Projects/CheerPracticePlayer/CheerPracticePlayer.xcodeproj
    builtin-create-build-directory /Users/ianrichardson/Library/Developer/Xcode/DerivedData/CheerPracticePlayer-gmffchwmywpbcjavdhbisbesxsco/Build/Products/Debug-iphonesimulator

CreateBuildDirectory /Users/ianrichardson/Library/Developer/Xcode/DerivedData/CheerPracticePlayer-gmffchwmywpbcjavdhbisbesxsco/Build/Intermediates.noindex/EagerLinkingTBDs/Debug-iphonesimulator
    cd /Users/ianrichardson/Projects/CheerPracticePlayer/CheerPracticePlayer.xcodeproj
    builtin-create-build-directory /Users/ianrichardson/Library/Developer/Xcode/DerivedData/CheerPracticePlayer-gmffchwmywpbcjavdhbisbesxsco/Build/Intermediates.noindex/EagerLinkingTBDs/Debug-iphonesimulator

WriteAuxiliaryFile /Users/ianrichardson/Library/Developer/Xcode/DerivedData/CheerPracticePlayer-gmffchwmywpbcjavdhbisbesxsco/Build/Intermediates.noindex/CheerPracticePlayer.build/Debug-iphonesimulator/CheerPracticePlayer-46bd9e38d93e0b21cab36f8b6c8d7ace-VFS-iphonesimulator/all-product-headers.yaml
    cd /Users/ianrichardson/Projects/CheerPracticePlayer/CheerPracticePlayer.xcodeproj
    write-file /Users/ianrichardson/Library/Developer/Xcode/DerivedData/CheerPracticePlayer-gmffchwmywpbcjavdhbisbesxsco/Build/Intermediates.noindex/CheerPracticePlayer.build/Debug-iphonesimulator/CheerPracticePlayer-46bd9e38d93e0b21cab36f8b6c8d7ace-VFS-iphonesimulator/all-product-headers.yaml

WriteAuxiliaryFile /Users/ianrichardson/Library/Developer/Xcode/DerivedData/CheerPracticePlayer-gmffchwmywpbcjavdhbisbesxsco/Build/Intermediates.noindex/CheerPracticePlayer.build/Debug-iphonesimulator/CheerPracticePlayer.build/CheerPracticePlayer-project-headers.hmap (in target 'CheerPracticePlayer' from project 'CheerPracticePlayer')
    cd /Users/ianrichardson/Projects/CheerPracticePlayer
    write-file /Users/ianrichardson/Library/Developer/Xcode/DerivedData/CheerPracticePlayer-gmffchwmywpbcjavdhbisbesxsco/Build/Intermediates.noindex/CheerPracticePlayer.build/Debug-iphonesimulator/CheerPracticePlayer.build/CheerPracticePlayer-project-headers.hmap

WriteAuxiliaryFile /Users/ianrichardson/Library/Developer/Xcode/DerivedData/CheerPracticePlayer-gmffchwmywpbcjavdhbisbesxsco/Build/Intermediates.noindex/CheerPracticePlayer.build/Debug-iphonesimulator/CheerPracticePlayer.build/CheerPracticePlayer.hmap (in target 'CheerPracticePlayer' from project 'CheerPracticePlayer')
    cd /Users/ianrichardson/Projects/CheerPracticePlayer
    write-file /Users/ianrichardson/Library/Developer/Xcode/DerivedData/CheerPracticePlayer-gmffchwmywpbcjavdhbisbesxsco/Build/Intermediates.noindex/CheerPracticePlayer.build/Debug-iphonesimulator/CheerPracticePlayer.build/CheerPracticePlayer.hmap

WriteAuxiliaryFile /Users/ianrichardson/Library/Developer/Xcode/DerivedData/CheerPracticePlayer-gmffchwmywpbcjavdhbisbesxsco/Build/Intermediates.noindex/CheerPracticePlayer.build/Debug-iphonesimulator/CheerPracticePlayer.build/CheerPracticePlayer-all-non-framework-target-headers.hmap (in target 'CheerPracticePlayer' from project 'CheerPracticePlayer')
    cd /Users/ianrichardson/Projects/CheerPracticePlayer
    write-file /Users/ianrichardson/Library/Developer/Xcode/DerivedData/CheerPracticePlayer-gmffchwmywpbcjavdhbisbesxsco/Build/Intermediates.noindex/CheerPracticePlayer.build/Debug-iphonesimulator/CheerPracticePlayer.build/CheerPracticePlayer-all-non-framework-target-headers.hmap

WriteAuxiliaryFile /Users/ianrichardson/Library/Developer/Xcode/DerivedData/CheerPracticePlayer-gmffchwmywpbcjavdhbisbesxsco/Build/Intermediates.noindex/CheerPracticePlayer.build/Debug-iphonesimulator/CheerPracticePlayer.build/CheerPracticePlayer-DebugDylibPath-normal-x86_64.txt (in target 'CheerPracticePlayer' from project 'CheerPracticePlayer')
    cd /Users/ianrichardson/Projects/CheerPracticePlayer
    write-file /Users/ianrichardson/Library/Developer/Xcode/DerivedData/CheerPracticePlayer-gmffchwmywpbcjavdhbisbesxsco/Build/Intermediates.noindex/CheerPracticePlayer.build/Debug-iphonesimulator/CheerPracticePlayer.build/CheerPracticePlayer-DebugDylibPath-normal-x86_64.txt

WriteAuxiliaryFile /Users/ianrichardson/Library/Developer/Xcode/DerivedData/CheerPracticePlayer-gmffchwmywpbcjavdhbisbesxsco/Build/Intermediates.noindex/CheerPracticePlayer.build/Debug-iphonesimulator/CheerPracticePlayer.build/CheerPracticePlayer-DebugDylibPath-normal-arm64.txt (in target 'CheerPracticePlayer' from project 'CheerPracticePlayer')
    cd /Users/ianrichardson/Projects/CheerPracticePlayer
    write-file /Users/ianrichardson/Library/Developer/Xcode/DerivedData/CheerPracticePlayer-gmffchwmywpbcjavdhbisbesxsco/Build/Intermediates.noindex/CheerPracticePlayer.build/Debug-iphonesimulator/CheerPracticePlayer.build/CheerPracticePlayer-DebugDylibPath-normal-arm64.txt

WriteAuxiliaryFile /Users/ianrichardson/Library/Developer/Xcode/DerivedData/CheerPracticePlayer-gmffchwmywpbcjavdhbisbesxsco/Build/Intermediates.noindex/CheerPracticePlayer.build/Debug-iphonesimulator/CheerPracticePlayer.build/CheerPracticePlayer-DebugDylibInstallName-normal-x86_64.txt (in target 'CheerPracticePlayer' from project 'CheerPracticePlayer')
    cd /Users/ianrichardson/Projects/CheerPracticePlayer
    write-file /Users/ianrichardson/Library/Developer/Xcode/DerivedData/CheerPracticePlayer-gmffchwmywpbcjavdhbisbesxsco/Build/Intermediates.noindex/CheerPracticePlayer.build/Debug-iphonesimulator/CheerPracticePlayer.build/CheerPracticePlayer-DebugDylibInstallName-normal-x86_64.txt

WriteAuxiliaryFile /Users/ianrichardson/Library/Developer/Xcode/DerivedData/CheerPracticePlayer-gmffchwmywpbcjavdhbisbesxsco/Build/Intermediates.noindex/CheerPracticePlayer.build/Debug-iphonesimulator/CheerPracticePlayer.build/CheerPracticePlayer.DependencyStaticMetadataFileList (in target 'CheerPracticePlayer' from project 'CheerPracticePlayer')
    cd /Users/ianrichardson/Projects/CheerPracticePlayer
    write-file /Users/ianrichardson/Library/Developer/Xcode/DerivedData/CheerPracticePlayer-gmffchwmywpbcjavdhbisbesxsco/Build/Intermediates.noindex/CheerPracticePlayer.build/Debug-iphonesimulator/CheerPracticePlayer.build/CheerPracticePlayer.DependencyStaticMetadataFileList

WriteAuxiliaryFile /Users/ianrichardson/Library/Developer/Xcode/DerivedData/CheerPracticePlayer-gmffchwmywpbcjavdhbisbesxsco/Build/Intermediates.noindex/CheerPracticePlayer.build/Debug-iphonesimulator/CheerPracticePlayer.build/CheerPracticePlayer-own-target-headers.hmap (in target 'CheerPracticePlayer' from project 'CheerPracticePlayer')
    cd /Users/ianrichardson/Projects/CheerPracticePlayer
    write-file /Users/ianrichardson/Library/Developer/Xcode/DerivedData/CheerPracticePlayer-gmffchwmywpbcjavdhbisbesxsco/Build/Intermediates.noindex/CheerPracticePlayer.build/Debug-iphonesimulator/CheerPracticePlayer.build/CheerPracticePlayer-own-target-headers.hmap

WriteAuxiliaryFile /Users/ianrichardson/Library/Developer/Xcode/DerivedData/CheerPracticePlayer-gmffchwmywpbcjavdhbisbesxsco/Build/Intermediates.noindex/CheerPracticePlayer.build/Debug-iphonesimulator/CheerPracticePlayer.build/CheerPracticePlayer-all-target-headers.hmap (in target 'CheerPracticePlayer' from project 'CheerPracticePlayer')
    cd /Users/ianrichardson/Projects/CheerPracticePlayer
    write-file /Users/ianrichardson/Library/Developer/Xcode/DerivedData/CheerPracticePlayer-gmffchwmywpbcjavdhbisbesxsco/Build/Intermediates.noindex/CheerPracticePlayer.build/Debug-iphonesimulator/CheerPracticePlayer.build/CheerPracticePlayer-all-target-headers.hmap

WriteAuxiliaryFile /Users/ianrichardson/Library/Developer/Xcode/DerivedData/CheerPracticePlayer-gmffchwmywpbcjavdhbisbesxsco/Build/Intermediates.noindex/CheerPracticePlayer.build/Debug-iphonesimulator/CheerPracticePlayer.build/CheerPracticePlayer-generated-files.hmap (in target 'CheerPracticePlayer' from project 'CheerPracticePlayer')
    cd /Users/ianrichardson/Projects/CheerPracticePlayer
    write-file /Users/ianrichardson/Library/Developer/Xcode/DerivedData/CheerPracticePlayer-gmffchwmywpbcjavdhbisbesxsco/Build/Intermediates.noindex/CheerPracticePlayer.build/Debug-iphonesimulator/CheerPracticePlayer.build/CheerPracticePlayer-generated-files.hmap

WriteAuxiliaryFile /Users/ianrichardson/Library/Developer/Xcode/DerivedData/CheerPracticePlayer-gmffchwmywpbcjavdhbisbesxsco/Build/Intermediates.noindex/CheerPracticePlayer.build/Debug-iphonesimulator/CheerPracticePlayer.build/CheerPracticePlayer.DependencyMetadataFileList (in target 'CheerPracticePlayer' from project 'CheerPracticePlayer')
    cd /Users/ianrichardson/Projects/CheerPracticePlayer
    write-file /Users/ianrichardson/Library/Developer/Xcode/DerivedData/CheerPracticePlayer-gmffchwmywpbcjavdhbisbesxsco/Build/Intermediates.noindex/CheerPracticePlayer.build/Debug-iphonesimulator/CheerPracticePlayer.build/CheerPracticePlayer.DependencyMetadataFileList

WriteAuxiliaryFile /Users/ianrichardson/Library/Developer/Xcode/DerivedData/CheerPracticePlayer-gmffchwmywpbcjavdhbisbesxsco/Build/Intermediates.noindex/CheerPracticePlayer.build/Debug-iphonesimulator/CheerPracticePlayer.build/empty-CheerPracticePlayer.plist (in target 'CheerPracticePlayer' from project 'CheerPracticePlayer')
    cd /Users/ianrichardson/Projects/CheerPracticePlayer
    write-file /Users/ianrichardson/Library/Developer/Xcode/DerivedData/CheerPracticePlayer-gmffchwmywpbcjavdhbisbesxsco/Build/Intermediates.noindex/CheerPracticePlayer.build/Debug-iphonesimulator/CheerPracticePlayer.build/empty-CheerPracticePlayer.plist

WriteAuxiliaryFile /Users/ianrichardson/Library/Developer/Xcode/DerivedData/CheerPracticePlayer-gmffchwmywpbcjavdhbisbesxsco/Build/Intermediates.noindex/CheerPracticePlayer.build/Debug-iphonesimulator/CheerPracticePlayer.build/Objects-normal/arm64/CheerPracticePlayer-OutputFileMap.json (in target 'CheerPracticePlayer' from project 'CheerPracticePlayer')
    cd /Users/ianrichardson/Projects/CheerPracticePlayer
    write-file /Users/ianrichardson/Library/Developer/Xcode/DerivedData/CheerPracticePlayer-gmffchwmywpbcjavdhbisbesxsco/Build/Intermediates.noindex/CheerPracticePlayer.build/Debug-iphonesimulator/CheerPracticePlayer.build/Objects-normal/arm64/CheerPracticePlayer-OutputFileMap.json

WriteAuxiliaryFile /Users/ianrichardson/Library/Developer/Xcode/DerivedData/CheerPracticePlayer-gmffchwmywpbcjavdhbisbesxsco/Build/Intermediates.noindex/CheerPracticePlayer.build/Debug-iphonesimulator/CheerPracticePlayer.build/Objects-normal/arm64/CheerPracticePlayer_const_extract_protocols.json (in target 'CheerPracticePlayer' from project 'CheerPracticePlayer')
    cd /Users/ianrichardson/Projects/CheerPracticePlayer
    write-file /Users/ianrichardson/Library/Developer/Xcode/DerivedData/CheerPracticePlayer-gmffchwmywpbcjavdhbisbesxsco/Build/Intermediates.noindex/CheerPracticePlayer.build/Debug-iphonesimulator/CheerPracticePlayer.build/Objects-normal/arm64/CheerPracticePlayer_const_extract_protocols.json

WriteAuxiliaryFile /Users/ianrichardson/Library/Developer/Xcode/DerivedData/CheerPracticePlayer-gmffchwmywpbcjavdhbisbesxsco/Build/Intermediates.noindex/CheerPracticePlayer.build/Debug-iphonesimulator/CheerPracticePlayer.build/Objects-normal/arm64/CheerPracticePlayer.SwiftConstValuesFileList (in target 'CheerPracticePlayer' from project 'CheerPracticePlayer')
    cd /Users/ianrichardson/Projects/CheerPracticePlayer
    write-file /Users/ianrichardson/Library/Developer/Xcode/DerivedData/CheerPracticePlayer-gmffchwmywpbcjavdhbisbesxsco/Build/Intermediates.noindex/CheerPracticePlayer.build/Debug-iphonesimulator/CheerPracticePlayer.build/Objects-normal/arm64/CheerPracticePlayer.SwiftConstValuesFileList

WriteAuxiliaryFile /Users/ianrichardson/Library/Developer/Xcode/DerivedData/CheerPracticePlayer-gmffchwmywpbcjavdhbisbesxsco/Build/Intermediates.noindex/CheerPracticePlayer.build/Debug-iphonesimulator/CheerPracticePlayer.build/Objects-normal/arm64/CheerPracticePlayer.SwiftFileList (in target 'CheerPracticePlayer' from project 'CheerPracticePlayer')
    cd /Users/ianrichardson/Projects/CheerPracticePlayer
    write-file /Users/ianrichardson/Library/Developer/Xcode/DerivedData/CheerPracticePlayer-gmffchwmywpbcjavdhbisbesxsco/Build/Intermediates.noindex/CheerPracticePlayer.build/Debug-iphonesimulator/CheerPracticePlayer.build/Objects-normal/arm64/CheerPracticePlayer.SwiftFileList

WriteAuxiliaryFile /Users/ianrichardson/Library/Developer/Xcode/DerivedData/CheerPracticePlayer-gmffchwmywpbcjavdhbisbesxsco/Build/Intermediates.noindex/CheerPracticePlayer.build/Debug-iphonesimulator/CheerPracticePlayer.build/DerivedSources/Entitlements-Simulated.plist (in target 'CheerPracticePlayer' from project 'CheerPracticePlayer')
    cd /Users/ianrichardson/Projects/CheerPracticePlayer
    write-file /Users/ianrichardson/Library/Developer/Xcode/DerivedData/CheerPracticePlayer-gmffchwmywpbcjavdhbisbesxsco/Build/Intermediates.noindex/CheerPracticePlayer.build/Debug-iphonesimulator/CheerPracticePlayer.build/DerivedSources/Entitlements-Simulated.plist

WriteAuxiliaryFile /Users/ianrichardson/Library/Developer/Xcode/DerivedData/CheerPracticePlayer-gmffchwmywpbcjavdhbisbesxsco/Build/Intermediates.noindex/CheerPracticePlayer.build/Debug-iphonesimulator/CheerPracticePlayer.build/Objects-normal/x86_64/CheerPracticePlayer_const_extract_protocols.json (in target 'CheerPracticePlayer' from project 'CheerPracticePlayer')
    cd /Users/ianrichardson/Projects/CheerPracticePlayer
    write-file /Users/ianrichardson/Library/Developer/Xcode/DerivedData/CheerPracticePlayer-gmffchwmywpbcjavdhbisbesxsco/Build/Intermediates.noindex/CheerPracticePlayer.build/Debug-iphonesimulator/CheerPracticePlayer.build/Objects-normal/x86_64/CheerPracticePlayer_const_extract_protocols.json

WriteAuxiliaryFile /Users/ianrichardson/Library/Developer/Xcode/DerivedData/CheerPracticePlayer-gmffchwmywpbcjavdhbisbesxsco/Build/Intermediates.noindex/CheerPracticePlayer.build/Debug-iphonesimulator/CheerPracticePlayer.build/Objects-normal/arm64/CheerPracticePlayer.LinkFileList (in target 'CheerPracticePlayer' from project 'CheerPracticePlayer')
    cd /Users/ianrichardson/Projects/CheerPracticePlayer
    write-file /Users/ianrichardson/Library/Developer/Xcode/DerivedData/CheerPracticePlayer-gmffchwmywpbcjavdhbisbesxsco/Build/Intermediates.noindex/CheerPracticePlayer.build/Debug-iphonesimulator/CheerPracticePlayer.build/Objects-normal/arm64/CheerPracticePlayer.LinkFileList

WriteAuxiliaryFile /Users/ianrichardson/Library/Developer/Xcode/DerivedData/CheerPracticePlayer-gmffchwmywpbcjavdhbisbesxsco/Build/Intermediates.noindex/CheerPracticePlayer.build/Debug-iphonesimulator/CheerPracticePlayer.build/Objects-normal/x86_64/CheerPracticePlayer.SwiftFileList (in target 'CheerPracticePlayer' from project 'CheerPracticePlayer')
    cd /Users/ianrichardson/Projects/CheerPracticePlayer
    write-file /Users/ianrichardson/Library/Developer/Xcode/DerivedData/CheerPracticePlayer-gmffchwmywpbcjavdhbisbesxsco/Build/Intermediates.noindex/CheerPracticePlayer.build/Debug-iphonesimulator/CheerPracticePlayer.build/Objects-normal/x86_64/CheerPracticePlayer.SwiftFileList

WriteAuxiliaryFile /Users/ianrichardson/Library/Developer/Xcode/DerivedData/CheerPracticePlayer-gmffchwmywpbcjavdhbisbesxsco/Build/Intermediates.noindex/CheerPracticePlayer.build/Debug-iphonesimulator/CheerPracticePlayer.build/Objects-normal/x86_64/CheerPracticePlayer.SwiftConstValuesFileList (in target 'CheerPracticePlayer' from project 'CheerPracticePlayer')
    cd /Users/ianrichardson/Projects/CheerPracticePlayer
    write-file /Users/ianrichardson/Library/Developer/Xcode/DerivedData/CheerPracticePlayer-gmffchwmywpbcjavdhbisbesxsco/Build/Intermediates.noindex/CheerPracticePlayer.build/Debug-iphonesimulator/CheerPracticePlayer.build/Objects-normal/x86_64/CheerPracticePlayer.SwiftConstValuesFileList

WriteAuxiliaryFile /Users/ianrichardson/Library/Developer/Xcode/DerivedData/CheerPracticePlayer-gmffchwmywpbcjavdhbisbesxsco/Build/Intermediates.noindex/CheerPracticePlayer.build/Debug-iphonesimulator/CheerPracticePlayer.build/CheerPracticePlayer-DebugDylibInstallName-normal-arm64.txt (in target 'CheerPracticePlayer' from project 'CheerPracticePlayer')
    cd /Users/ianrichardson/Projects/CheerPracticePlayer
    write-file /Users/ianrichardson/Library/Developer/Xcode/DerivedData/CheerPracticePlayer-gmffchwmywpbcjavdhbisbesxsco/Build/Intermediates.noindex/CheerPracticePlayer.build/Debug-iphonesimulator/CheerPracticePlayer.build/CheerPracticePlayer-DebugDylibInstallName-normal-arm64.txt

WriteAuxiliaryFile /Users/ianrichardson/Library/Developer/Xcode/DerivedData/CheerPracticePlayer-gmffchwmywpbcjavdhbisbesxsco/Build/Intermediates.noindex/CheerPracticePlayer.build/Debug-iphonesimulator/CheerPracticePlayer.build/Objects-normal/x86_64/CheerPracticePlayer.LinkFileList (in target 'CheerPracticePlayer' from project 'CheerPracticePlayer')
    cd /Users/ianrichardson/Projects/CheerPracticePlayer
    write-file /Users/ianrichardson/Library/Developer/Xcode/DerivedData/CheerPracticePlayer-gmffchwmywpbcjavdhbisbesxsco/Build/Intermediates.noindex/CheerPracticePlayer.build/Debug-iphonesimulator/CheerPracticePlayer.build/Objects-normal/x86_64/CheerPracticePlayer.LinkFileList

MkDir /Users/ianrichardson/Library/Developer/Xcode/DerivedData/CheerPracticePlayer-gmffchwmywpbcjavdhbisbesxsco/Build/Products/Debug-iphonesimulator/CheerPracticePlayer.app (in target 'CheerPracticePlayer' from project 'CheerPracticePlayer')
    cd /Users/ianrichardson/Projects/CheerPracticePlayer
    /bin/mkdir -p /Users/ianrichardson/Library/Developer/Xcode/DerivedData/CheerPracticePlayer-gmffchwmywpbcjavdhbisbesxsco/Build/Products/Debug-iphonesimulator/CheerPracticePlayer.app

WriteAuxiliaryFile /Users/ianrichardson/Library/Developer/Xcode/DerivedData/CheerPracticePlayer-gmffchwmywpbcjavdhbisbesxsco/Build/Intermediates.noindex/CheerPracticePlayer.build/Debug-iphonesimulator/CheerPracticePlayer.build/Objects-normal/x86_64/CheerPracticePlayer-OutputFileMap.json (in target 'CheerPracticePlayer' from project 'CheerPracticePlayer')
    cd /Users/ianrichardson/Projects/CheerPracticePlayer
    write-file /Users/ianrichardson/Library/Developer/Xcode/DerivedData/CheerPracticePlayer-gmffchwmywpbcjavdhbisbesxsco/Build/Intermediates.noindex/CheerPracticePlayer.build/Debug-iphonesimulator/CheerPracticePlayer.build/Objects-normal/x86_64/CheerPracticePlayer-OutputFileMap.json

ProcessProductPackaging "" /Users/ianrichardson/Library/Developer/Xcode/DerivedData/CheerPracticePlayer-gmffchwmywpbcjavdhbisbesxsco/Build/Intermediates.noindex/CheerPracticePlayer.build/Debug-iphonesimulator/CheerPracticePlayer.build/CheerPracticePlayer.app-Simulated.xcent (in target 'CheerPracticePlayer' from project 'CheerPracticePlayer')
    cd /Users/ianrichardson/Projects/CheerPracticePlayer
    
    Entitlements:
    
    {
    "application-identifier" = "WC46K49VFA.com.ianrichardson.CheerPracticePlayer";
}
    
    builtin-productPackagingUtility -entitlements -format xml -o /Users/ianrichardson/Library/Developer/Xcode/DerivedData/CheerPracticePlayer-gmffchwmywpbcjavdhbisbesxsco/Build/Intermediates.noindex/CheerPracticePlayer.build/Debug-iphonesimulator/CheerPracticePlayer.build/CheerPracticePlayer.app-Simulated.xcent

ProcessProductPackagingDER /Users/ianrichardson/Library/Developer/Xcode/DerivedData/CheerPracticePlayer-gmffchwmywpbcjavdhbisbesxsco/Build/Intermediates.noindex/CheerPracticePlayer.build/Debug-iphonesimulator/CheerPracticePlayer.build/CheerPracticePlayer.app-Simulated.xcent /Users/ianrichardson/Library/Developer/Xcode/DerivedData/CheerPracticePlayer-gmffchwmywpbcjavdhbisbesxsco/Build/Intermediates.noindex/CheerPracticePlayer.build/Debug-iphonesimulator/CheerPracticePlayer.build/CheerPracticePlayer.app-Simulated.xcent.der (in target 'CheerPracticePlayer' from project 'CheerPracticePlayer')
    cd /Users/ianrichardson/Projects/CheerPracticePlayer
    /usr/bin/derq query -f xml -i /Users/ianrichardson/Library/Developer/Xcode/DerivedData/CheerPracticePlayer-gmffchwmywpbcjavdhbisbesxsco/Build/Intermediates.noindex/CheerPracticePlayer.build/Debug-iphonesimulator/CheerPracticePlayer.build/CheerPracticePlayer.app-Simulated.xcent -o /Users/ianrichardson/Library/Developer/Xcode/DerivedData/CheerPracticePlayer-gmffchwmywpbcjavdhbisbesxsco/Build/Intermediates.noindex/CheerPracticePlayer.build/Debug-iphonesimulator/CheerPracticePlayer.build/CheerPracticePlayer.app-Simulated.xcent.der --raw

GenerateAssetSymbols /Users/ianrichardson/Projects/CheerPracticePlayer/Resources/Assets.xcassets (in target 'CheerPracticePlayer' from project 'CheerPracticePlayer')
    cd /Users/ianrichardson/Projects/CheerPracticePlayer
    /Applications/Xcode.app/Contents/Developer/usr/bin/actool /Users/ianrichardson/Projects/CheerPracticePlayer/Resources/Assets.xcassets --compile /Users/ianrichardson/Library/Developer/Xcode/DerivedData/CheerPracticePlayer-gmffchwmywpbcjavdhbisbesxsco/Build/Products/Debug-iphonesimulator/CheerPracticePlayer.app --output-format human-readable-text --notices --warnings --export-dependency-info /Users/ianrichardson/Library/Developer/Xcode/DerivedData/CheerPracticePlayer-gmffchwmywpbcjavdhbisbesxsco/Build/Intermediates.noindex/CheerPracticePlayer.build/Debug-iphonesimulator/CheerPracticePlayer.build/assetcatalog_dependencies --output-partial-info-plist /Users/ianrichardson/Library/Developer/Xcode/DerivedData/CheerPracticePlayer-gmffchwmywpbcjavdhbisbesxsco/Build/Intermediates.noindex/CheerPracticePlayer.build/Debug-iphonesimulator/CheerPracticePlayer.build/assetcatalog_generated_info.plist --app-icon AppIcon --compress-pngs --enable-on-demand-resources YES --development-region en --target-device iphone --target-device ipad --minimum-deployment-target 18.0 --platform iphonesimulator --bundle-identifier com.ianrichardson.CheerPracticePlayer --generate-swift-asset-symbol-extensions NO --generate-swift-asset-symbols /Users/ianrichardson/Library/Developer/Xcode/DerivedData/CheerPracticePlayer-gmffchwmywpbcjavdhbisbesxsco/Build/Intermediates.noindex/CheerPracticePlayer.build/Debug-iphonesimulator/CheerPracticePlayer.build/DerivedSources/GeneratedAssetSymbols.swift --generate-objc-asset-symbols /Users/ianrichardson/Library/Developer/Xcode/DerivedData/CheerPracticePlayer-gmffchwmywpbcjavdhbisbesxsco/Build/Intermediates.noindex/CheerPracticePlayer.build/Debug-iphonesimulator/CheerPracticePlayer.build/DerivedSources/GeneratedAssetSymbols.h --generate-asset-symbol-index /Users/ianrichardson/Library/Developer/Xcode/DerivedData/CheerPracticePlayer-gmffchwmywpbcjavdhbisbesxsco/Build/Intermediates.noindex/CheerPracticePlayer.build/Debug-iphonesimulator/CheerPracticePlayer.build/DerivedSources/GeneratedAssetSymbols-Index.plist
/* com.apple.actool.compilation-results */
/Users/ianrichardson/Library/Developer/Xcode/DerivedData/CheerPracticePlayer-gmffchwmywpbcjavdhbisbesxsco/Build/Intermediates.noindex/CheerPracticePlayer.build/Debug-iphonesimulator/CheerPracticePlayer.build/DerivedSources/GeneratedAssetSymbols-Index.plist
/Users/ianrichardson/Library/Developer/Xcode/DerivedData/CheerPracticePlayer-gmffchwmywpbcjavdhbisbesxsco/Build/Intermediates.noindex/CheerPracticePlayer.build/Debug-iphonesimulator/CheerPracticePlayer.build/DerivedSources/GeneratedAssetSymbols.h
/Users/ianrichardson/Library/Developer/Xcode/DerivedData/CheerPracticePlayer-gmffchwmywpbcjavdhbisbesxsco/Build/Intermediates.noindex/CheerPracticePlayer.build/Debug-iphonesimulator/CheerPracticePlayer.build/DerivedSources/GeneratedAssetSymbols.swift


MkDir /Users/ianrichardson/Library/Developer/Xcode/DerivedData/CheerPracticePlayer-gmffchwmywpbcjavdhbisbesxsco/Build/Intermediates.noindex/CheerPracticePlayer.build/Debug-iphonesimulator/CheerPracticePlayer.build/assetcatalog_output/unthinned (in target 'CheerPracticePlayer' from project 'CheerPracticePlayer')
    cd /Users/ianrichardson/Projects/CheerPracticePlayer
    /bin/mkdir -p /Users/ianrichardson/Library/Developer/Xcode/DerivedData/CheerPracticePlayer-gmffchwmywpbcjavdhbisbesxsco/Build/Intermediates.noindex/CheerPracticePlayer.build/Debug-iphonesimulator/CheerPracticePlayer.build/assetcatalog_output/unthinned

MkDir /Users/ianrichardson/Library/Developer/Xcode/DerivedData/CheerPracticePlayer-gmffchwmywpbcjavdhbisbesxsco/Build/Intermediates.noindex/CheerPracticePlayer.build/Debug-iphonesimulator/CheerPracticePlayer.build/assetcatalog_output/thinned (in target 'CheerPracticePlayer' from project 'CheerPracticePlayer')
    cd /Users/ianrichardson/Projects/CheerPracticePlayer
    /bin/mkdir -p /Users/ianrichardson/Library/Developer/Xcode/DerivedData/CheerPracticePlayer-gmffchwmywpbcjavdhbisbesxsco/Build/Intermediates.noindex/CheerPracticePlayer.build/Debug-iphonesimulator/CheerPracticePlayer.build/assetcatalog_output/thinned

Ld /Users/ianrichardson/Library/Developer/Xcode/DerivedData/CheerPracticePlayer-gmffchwmywpbcjavdhbisbesxsco/Build/Intermediates.noindex/CheerPracticePlayer.build/Debug-iphonesimulator/CheerPracticePlayer.build/Objects-normal/x86_64/Binary/__preview.dylib normal x86_64 (in target 'CheerPracticePlayer' from project 'CheerPracticePlayer')
    cd /Users/ianrichardson/Projects/CheerPracticePlayer
    /Applications/Xcode.app/Contents/Developer/Toolchains/XcodeDefault.xctoolchain/usr/bin/clang -Xlinker -reproducible -target x86_64-apple-ios18.0-simulator -dynamiclib -isysroot /Applications/Xcode.app/Contents/Developer/Platforms/iPhoneSimulator.platform/Developer/SDKs/iPhoneSimulator26.4.sdk -O0 -L/Users/ianrichardson/Library/Developer/Xcode/DerivedData/CheerPracticePlayer-gmffchwmywpbcjavdhbisbesxsco/Build/Products/Debug-iphonesimulator -F/Users/ianrichardson/Library/Developer/Xcode/DerivedData/CheerPracticePlayer-gmffchwmywpbcjavdhbisbesxsco/Build/Products/Debug-iphonesimulator -install_name @rpath/CheerPracticePlayer.debug.dylib -Xlinker -dead_strip -rdynamic -Xlinker -no_deduplicate -Xlinker -objc_abi_version -Xlinker 2 -Xlinker -dependency_info -Xlinker /Users/ianrichardson/Library/Developer/Xcode/DerivedData/CheerPracticePlayer-gmffchwmywpbcjavdhbisbesxsco/Build/Intermediates.noindex/CheerPracticePlayer.build/Debug-iphonesimulator/CheerPracticePlayer.build/Objects-normal/x86_64/CheerPracticePlayer_dependency_info.dat -Xlinker -sectcreate -Xlinker __TEXT -Xlinker __entitlements -Xlinker /Users/ianrichardson/Library/Developer/Xcode/DerivedData/CheerPracticePlayer-gmffchwmywpbcjavdhbisbesxsco/Build/Intermediates.noindex/CheerPracticePlayer.build/Debug-iphonesimulator/CheerPracticePlayer.build/CheerPracticePlayer.app-Simulated.xcent -Xlinker -sectcreate -Xlinker __TEXT -Xlinker __ents_der -Xlinker /Users/ianrichardson/Library/Developer/Xcode/DerivedData/CheerPracticePlayer-gmffchwmywpbcjavdhbisbesxsco/Build/Intermediates.noindex/CheerPracticePlayer.build/Debug-iphonesimulator/CheerPracticePlayer.build/CheerPracticePlayer.app-Simulated.xcent.der -Xlinker -no_adhoc_codesign -o /Users/ianrichardson/Library/Developer/Xcode/DerivedData/CheerPracticePlayer-gmffchwmywpbcjavdhbisbesxsco/Build/Intermediates.noindex/CheerPracticePlayer.build/Debug-iphonesimulator/CheerPracticePlayer.build/Objects-normal/x86_64/Binary/__preview.dylib

Ld /Users/ianrichardson/Library/Developer/Xcode/DerivedData/CheerPracticePlayer-gmffchwmywpbcjavdhbisbesxsco/Build/Intermediates.noindex/CheerPracticePlayer.build/Debug-iphonesimulator/CheerPracticePlayer.build/Objects-normal/arm64/Binary/__preview.dylib normal arm64 (in target 'CheerPracticePlayer' from project 'CheerPracticePlayer')
    cd /Users/ianrichardson/Projects/CheerPracticePlayer
    /Applications/Xcode.app/Contents/Developer/Toolchains/XcodeDefault.xctoolchain/usr/bin/clang -Xlinker -reproducible -target arm64-apple-ios18.0-simulator -dynamiclib -isysroot /Applications/Xcode.app/Contents/Developer/Platforms/iPhoneSimulator.platform/Developer/SDKs/iPhoneSimulator26.4.sdk -O0 -L/Users/ianrichardson/Library/Developer/Xcode/DerivedData/CheerPracticePlayer-gmffchwmywpbcjavdhbisbesxsco/Build/Products/Debug-iphonesimulator -F/Users/ianrichardson/Library/Developer/Xcode/DerivedData/CheerPracticePlayer-gmffchwmywpbcjavdhbisbesxsco/Build/Products/Debug-iphonesimulator -install_name @rpath/CheerPracticePlayer.debug.dylib -Xlinker -dead_strip -rdynamic -Xlinker -no_deduplicate -Xlinker -objc_abi_version -Xlinker 2 -Xlinker -dependency_info -Xlinker /Users/ianrichardson/Library/Developer/Xcode/DerivedData/CheerPracticePlayer-gmffchwmywpbcjavdhbisbesxsco/Build/Intermediates.noindex/CheerPracticePlayer.build/Debug-iphonesimulator/CheerPracticePlayer.build/Objects-normal/arm64/CheerPracticePlayer_dependency_info.dat -Xlinker -sectcreate -Xlinker __TEXT -Xlinker __entitlements -Xlinker /Users/ianrichardson/Library/Developer/Xcode/DerivedData/CheerPracticePlayer-gmffchwmywpbcjavdhbisbesxsco/Build/Intermediates.noindex/CheerPracticePlayer.build/Debug-iphonesimulator/CheerPracticePlayer.build/CheerPracticePlayer.app-Simulated.xcent -Xlinker -sectcreate -Xlinker __TEXT -Xlinker __ents_der -Xlinker /Users/ianrichardson/Library/Developer/Xcode/DerivedData/CheerPracticePlayer-gmffchwmywpbcjavdhbisbesxsco/Build/Intermediates.noindex/CheerPracticePlayer.build/Debug-iphonesimulator/CheerPracticePlayer.build/CheerPracticePlayer.app-Simulated.xcent.der -Xlinker -no_adhoc_codesign -o /Users/ianrichardson/Library/Developer/Xcode/DerivedData/CheerPracticePlayer-gmffchwmywpbcjavdhbisbesxsco/Build/Intermediates.noindex/CheerPracticePlayer.build/Debug-iphonesimulator/CheerPracticePlayer.build/Objects-normal/arm64/Binary/__preview.dylib

CompileAssetCatalogVariant thinned /Users/ianrichardson/Library/Developer/Xcode/DerivedData/CheerPracticePlayer-gmffchwmywpbcjavdhbisbesxsco/Build/Products/Debug-iphonesimulator/CheerPracticePlayer.app /Users/ianrichardson/Projects/CheerPracticePlayer/Resources/Assets.xcassets (in target 'CheerPracticePlayer' from project 'CheerPracticePlayer')
    cd /Users/ianrichardson/Projects/CheerPracticePlayer
    /Applications/Xcode.app/Contents/Developer/usr/bin/actool /Users/ianrichardson/Projects/CheerPracticePlayer/Resources/Assets.xcassets --compile /Users/ianrichardson/Library/Developer/Xcode/DerivedData/CheerPracticePlayer-gmffchwmywpbcjavdhbisbesxsco/Build/Intermediates.noindex/CheerPracticePlayer.build/Debug-iphonesimulator/CheerPracticePlayer.build/assetcatalog_output/thinned --output-format human-readable-text --notices --warnings --export-dependency-info /Users/ianrichardson/Library/Developer/Xcode/DerivedData/CheerPracticePlayer-gmffchwmywpbcjavdhbisbesxsco/Build/Intermediates.noindex/CheerPracticePlayer.build/Debug-iphonesimulator/CheerPracticePlayer.build/assetcatalog_dependencies_thinned --output-partial-info-plist /Users/ianrichardson/Library/Developer/Xcode/DerivedData/CheerPracticePlayer-gmffchwmywpbcjavdhbisbesxsco/Build/Intermediates.noindex/CheerPracticePlayer.build/Debug-iphonesimulator/CheerPracticePlayer.build/assetcatalog_generated_info.plist_thinned --app-icon AppIcon --compress-pngs --enable-on-demand-resources YES --development-region en --target-device iphone --target-device ipad --minimum-deployment-target 18.0 --platform iphonesimulator
/* com.apple.actool.compilation-results */
/Users/ianrichardson/Library/Developer/Xcode/DerivedData/CheerPracticePlayer-gmffchwmywpbcjavdhbisbesxsco/Build/Intermediates.noindex/CheerPracticePlayer.build/Debug-iphonesimulator/CheerPracticePlayer.build/assetcatalog_generated_info.plist_thinned
/Users/ianrichardson/Library/Developer/Xcode/DerivedData/CheerPracticePlayer-gmffchwmywpbcjavdhbisbesxsco/Build/Intermediates.noindex/CheerPracticePlayer.build/Debug-iphonesimulator/CheerPracticePlayer.build/assetcatalog_output/thinned/AppIcon60x60@2x.png
/Users/ianrichardson/Library/Developer/Xcode/DerivedData/CheerPracticePlayer-gmffchwmywpbcjavdhbisbesxsco/Build/Intermediates.noindex/CheerPracticePlayer.build/Debug-iphonesimulator/CheerPracticePlayer.build/assetcatalog_output/thinned/AppIcon76x76@2x~ipad.png
/Users/ianrichardson/Library/Developer/Xcode/DerivedData/CheerPracticePlayer-gmffchwmywpbcjavdhbisbesxsco/Build/Intermediates.noindex/CheerPracticePlayer.build/Debug-iphonesimulator/CheerPracticePlayer.build/assetcatalog_output/thinned/Assets.car


CreateUniversalBinary /Users/ianrichardson/Library/Developer/Xcode/DerivedData/CheerPracticePlayer-gmffchwmywpbcjavdhbisbesxsco/Build/Products/Debug-iphonesimulator/CheerPracticePlayer.app/__preview.dylib normal arm64\ x86_64 (in target 'CheerPracticePlayer' from project 'CheerPracticePlayer')
    cd /Users/ianrichardson/Projects/CheerPracticePlayer
    /Applications/Xcode.app/Contents/Developer/Toolchains/XcodeDefault.xctoolchain/usr/bin/lipo -create /Users/ianrichardson/Library/Developer/Xcode/DerivedData/CheerPracticePlayer-gmffchwmywpbcjavdhbisbesxsco/Build/Intermediates.noindex/CheerPracticePlayer.build/Debug-iphonesimulator/CheerPracticePlayer.build/Objects-normal/arm64/Binary/__preview.dylib /Users/ianrichardson/Library/Developer/Xcode/DerivedData/CheerPracticePlayer-gmffchwmywpbcjavdhbisbesxsco/Build/Intermediates.noindex/CheerPracticePlayer.build/Debug-iphonesimulator/CheerPracticePlayer.build/Objects-normal/x86_64/Binary/__preview.dylib -output /Users/ianrichardson/Library/Developer/Xcode/DerivedData/CheerPracticePlayer-gmffchwmywpbcjavdhbisbesxsco/Build/Products/Debug-iphonesimulator/CheerPracticePlayer.app/__preview.dylib

SwiftDriver CheerPracticePlayer normal x86_64 com.apple.xcode.tools.swift.compiler (in target 'CheerPracticePlayer' from project 'CheerPracticePlayer')
    cd /Users/ianrichardson/Projects/CheerPracticePlayer
    builtin-SwiftDriver -- /Applications/Xcode.app/Contents/Developer/Toolchains/XcodeDefault.xctoolchain/usr/bin/swiftc -module-name CheerPracticePlayer -Onone @/Users/ianrichardson/Library/Developer/Xcode/DerivedData/CheerPracticePlayer-gmffchwmywpbcjavdhbisbesxsco/Build/Intermediates.noindex/CheerPracticePlayer.build/Debug-iphonesimulator/CheerPracticePlayer.build/Objects-normal/x86_64/CheerPracticePlayer.SwiftFileList -DDEBUG -enable-bare-slash-regex -enable-experimental-feature DebugDescriptionMacro -sdk /Applications/Xcode.app/Contents/Developer/Platforms/iPhoneSimulator.platform/Developer/SDKs/iPhoneSimulator26.4.sdk -target x86_64-apple-ios18.0-simulator -g -module-cache-path /Users/ianrichardson/Library/Developer/Xcode/DerivedData/ModuleCache.noindex -Xfrontend -serialize-debugging-options -enable-testing -index-store-path /Users/ianrichardson/Library/Developer/Xcode/DerivedData/CheerPracticePlayer-gmffchwmywpbcjavdhbisbesxsco/Index.noindex/DataStore -Xcc -D_LIBCPP_HARDENING_MODE\=_LIBCPP_HARDENING_MODE_DEBUG -swift-version 5 -I /Users/ianrichardson/Library/Developer/Xcode/DerivedData/CheerPracticePlayer-gmffchwmywpbcjavdhbisbesxsco/Build/Products/Debug-iphonesimulator -F /Users/ianrichardson/Library/Developer/Xcode/DerivedData/CheerPracticePlayer-gmffchwmywpbcjavdhbisbesxsco/Build/Products/Debug-iphonesimulator -c -j24 -enable-batch-mode -incremental -Xcc -ivfsstatcache -Xcc /Users/ianrichardson/Library/Developer/Xcode/DerivedData/SDKStatCaches.noindex/iphonesimulator26.4-23E237-688ef53f1462e2c8f657fdc38a81448f686eebb5dc1d8ecb277353a59184f4aa.sdkstatcache -output-file-map /Users/ianrichardson/Library/Developer/Xcode/DerivedData/CheerPracticePlayer-gmffchwmywpbcjavdhbisbesxsco/Build/Intermediates.noindex/CheerPracticePlayer.build/Debug-iphonesimulator/CheerPracticePlayer.build/Objects-normal/x86_64/CheerPracticePlayer-OutputFileMap.json -use-frontend-parseable-output -save-temps -no-color-diagnostics -explicit-module-build -module-cache-path /Users/ianrichardson/Library/Developer/Xcode/DerivedData/CheerPracticePlayer-gmffchwmywpbcjavdhbisbesxsco/Build/Intermediates.noindex/SwiftExplicitPrecompiledModules -clang-scanner-module-cache-path /Users/ianrichardson/Library/Developer/Xcode/DerivedData/ModuleCache.noindex -sdk-module-cache-path /Users/ianrichardson/Library/Developer/Xcode/DerivedData/ModuleCache.noindex -serialize-diagnostics -emit-dependencies -emit-module -emit-module-path /Users/ianrichardson/Library/Developer/Xcode/DerivedData/CheerPracticePlayer-gmffchwmywpbcjavdhbisbesxsco/Build/Intermediates.noindex/CheerPracticePlayer.build/Debug-iphonesimulator/CheerPracticePlayer.build/Objects-normal/x86_64/CheerPracticePlayer.swiftmodule -validate-clang-modules-once -clang-build-session-file /Users/ianrichardson/Library/Developer/Xcode/DerivedData/ModuleCache.noindex/Session.modulevalidation -Xcc -I/Users/ianrichardson/Library/Developer/Xcode/DerivedData/CheerPracticePlayer-gmffchwmywpbcjavdhbisbesxsco/Build/Intermediates.noindex/CheerPracticePlayer.build/Debug-iphonesimulator/CheerPracticePlayer.build/swift-overrides.hmap -emit-const-values -Xfrontend -const-gather-protocols-file -Xfrontend /Users/ianrichardson/Library/Developer/Xcode/DerivedData/CheerPracticePlayer-gmffchwmywpbcjavdhbisbesxsco/Build/Intermediates.noindex/CheerPracticePlayer.build/Debug-iphonesimulator/CheerPracticePlayer.build/Objects-normal/x86_64/CheerPracticePlayer_const_extract_protocols.json -Xcc -iquote -Xcc /Users/ianrichardson/Library/Developer/Xcode/DerivedData/CheerPracticePlayer-gmffchwmywpbcjavdhbisbesxsco/Build/Intermediates.noindex/CheerPracticePlayer.build/Debug-iphonesimulator/CheerPracticePlayer.build/CheerPracticePlayer-generated-files.hmap -Xcc -I/Users/ianrichardson/Library/Developer/Xcode/DerivedData/CheerPracticePlayer-gmffchwmywpbcjavdhbisbesxsco/Build/Intermediates.noindex/CheerPracticePlayer.build/Debug-iphonesimulator/CheerPracticePlayer.build/CheerPracticePlayer-own-target-headers.hmap -Xcc -I/Users/ianrichardson/Library/Developer/Xcode/DerivedData/CheerPracticePlayer-gmffchwmywpbcjavdhbisbesxsco/Build/Intermediates.noindex/CheerPracticePlayer.build/Debug-iphonesimulator/CheerPracticePlayer.build/CheerPracticePlayer-all-target-headers.hmap -Xcc -iquote -Xcc /Users/ianrichardson/Library/Developer/Xcode/DerivedData/CheerPracticePlayer-gmffchwmywpbcjavdhbisbesxsco/Build/Intermediates.noindex/CheerPracticePlayer.build/Debug-iphonesimulator/CheerPracticePlayer.build/CheerPracticePlayer-project-headers.hmap -Xcc -I/Users/ianrichardson/Library/Developer/Xcode/DerivedData/CheerPracticePlayer-gmffchwmywpbcjavdhbisbesxsco/Build/Products/Debug-iphonesimulator/include -Xcc -I/Users/ianrichardson/Library/Developer/Xcode/DerivedData/CheerPracticePlayer-gmffchwmywpbcjavdhbisbesxsco/Build/Intermediates.noindex/CheerPracticePlayer.build/Debug-iphonesimulator/CheerPracticePlayer.build/DerivedSources-normal/x86_64 -Xcc -I/Users/ianrichardson/Library/Developer/Xcode/DerivedData/CheerPracticePlayer-gmffchwmywpbcjavdhbisbesxsco/Build/Intermediates.noindex/CheerPracticePlayer.build/Debug-iphonesimulator/CheerPracticePlayer.build/DerivedSources/x86_64 -Xcc -I/Users/ianrichardson/Library/Developer/Xcode/DerivedData/CheerPracticePlayer-gmffchwmywpbcjavdhbisbesxsco/Build/Intermediates.noindex/CheerPracticePlayer.build/Debug-iphonesimulator/CheerPracticePlayer.build/DerivedSources -Xcc -DDEBUG\=1 -emit-objc-header -emit-objc-header-path /Users/ianrichardson/Library/Developer/Xcode/DerivedData/CheerPracticePlayer-gmffchwmywpbcjavdhbisbesxsco/Build/Intermediates.noindex/CheerPracticePlayer.build/Debug-iphonesimulator/CheerPracticePlayer.build/Objects-normal/x86_64/CheerPracticePlayer-Swift.h -working-directory /Users/ianrichardson/Projects/CheerPracticePlayer -experimental-emit-module-separately -disable-cmo

SwiftDriver CheerPracticePlayer normal arm64 com.apple.xcode.tools.swift.compiler (in target 'CheerPracticePlayer' from project 'CheerPracticePlayer')
    cd /Users/ianrichardson/Projects/CheerPracticePlayer
    builtin-SwiftDriver -- /Applications/Xcode.app/Contents/Developer/Toolchains/XcodeDefault.xctoolchain/usr/bin/swiftc -module-name CheerPracticePlayer -Onone @/Users/ianrichardson/Library/Developer/Xcode/DerivedData/CheerPracticePlayer-gmffchwmywpbcjavdhbisbesxsco/Build/Intermediates.noindex/CheerPracticePlayer.build/Debug-iphonesimulator/CheerPracticePlayer.build/Objects-normal/arm64/CheerPracticePlayer.SwiftFileList -DDEBUG -enable-bare-slash-regex -enable-experimental-feature DebugDescriptionMacro -sdk /Applications/Xcode.app/Contents/Developer/Platforms/iPhoneSimulator.platform/Developer/SDKs/iPhoneSimulator26.4.sdk -target arm64-apple-ios18.0-simulator -g -module-cache-path /Users/ianrichardson/Library/Developer/Xcode/DerivedData/ModuleCache.noindex -Xfrontend -serialize-debugging-options -enable-testing -index-store-path /Users/ianrichardson/Library/Developer/Xcode/DerivedData/CheerPracticePlayer-gmffchwmywpbcjavdhbisbesxsco/Index.noindex/DataStore -Xcc -D_LIBCPP_HARDENING_MODE\=_LIBCPP_HARDENING_MODE_DEBUG -swift-version 5 -I /Users/ianrichardson/Library/Developer/Xcode/DerivedData/CheerPracticePlayer-gmffchwmywpbcjavdhbisbesxsco/Build/Products/Debug-iphonesimulator -F /Users/ianrichardson/Library/Developer/Xcode/DerivedData/CheerPracticePlayer-gmffchwmywpbcjavdhbisbesxsco/Build/Products/Debug-iphonesimulator -c -j24 -enable-batch-mode -incremental -Xcc -ivfsstatcache -Xcc /Users/ianrichardson/Library/Developer/Xcode/DerivedData/SDKStatCaches.noindex/iphonesimulator26.4-23E237-688ef53f1462e2c8f657fdc38a81448f686eebb5dc1d8ecb277353a59184f4aa.sdkstatcache -output-file-map /Users/ianrichardson/Library/Developer/Xcode/DerivedData/CheerPracticePlayer-gmffchwmywpbcjavdhbisbesxsco/Build/Intermediates.noindex/CheerPracticePlayer.build/Debug-iphonesimulator/CheerPracticePlayer.build/Objects-normal/arm64/CheerPracticePlayer-OutputFileMap.json -use-frontend-parseable-output -save-temps -no-color-diagnostics -explicit-module-build -module-cache-path /Users/ianrichardson/Library/Developer/Xcode/DerivedData/CheerPracticePlayer-gmffchwmywpbcjavdhbisbesxsco/Build/Intermediates.noindex/SwiftExplicitPrecompiledModules -clang-scanner-module-cache-path /Users/ianrichardson/Library/Developer/Xcode/DerivedData/ModuleCache.noindex -sdk-module-cache-path /Users/ianrichardson/Library/Developer/Xcode/DerivedData/ModuleCache.noindex -serialize-diagnostics -emit-dependencies -emit-module -emit-module-path /Users/ianrichardson/Library/Developer/Xcode/DerivedData/CheerPracticePlayer-gmffchwmywpbcjavdhbisbesxsco/Build/Intermediates.noindex/CheerPracticePlayer.build/Debug-iphonesimulator/CheerPracticePlayer.build/Objects-normal/arm64/CheerPracticePlayer.swiftmodule -validate-clang-modules-once -clang-build-session-file /Users/ianrichardson/Library/Developer/Xcode/DerivedData/ModuleCache.noindex/Session.modulevalidation -Xcc -I/Users/ianrichardson/Library/Developer/Xcode/DerivedData/CheerPracticePlayer-gmffchwmywpbcjavdhbisbesxsco/Build/Intermediates.noindex/CheerPracticePlayer.build/Debug-iphonesimulator/CheerPracticePlayer.build/swift-overrides.hmap -emit-const-values -Xfrontend -const-gather-protocols-file -Xfrontend /Users/ianrichardson/Library/Developer/Xcode/DerivedData/CheerPracticePlayer-gmffchwmywpbcjavdhbisbesxsco/Build/Intermediates.noindex/CheerPracticePlayer.build/Debug-iphonesimulator/CheerPracticePlayer.build/Objects-normal/arm64/CheerPracticePlayer_const_extract_protocols.json -Xcc -iquote -Xcc /Users/ianrichardson/Library/Developer/Xcode/DerivedData/CheerPracticePlayer-gmffchwmywpbcjavdhbisbesxsco/Build/Intermediates.noindex/CheerPracticePlayer.build/Debug-iphonesimulator/CheerPracticePlayer.build/CheerPracticePlayer-generated-files.hmap -Xcc -I/Users/ianrichardson/Library/Developer/Xcode/DerivedData/CheerPracticePlayer-gmffchwmywpbcjavdhbisbesxsco/Build/Intermediates.noindex/CheerPracticePlayer.build/Debug-iphonesimulator/CheerPracticePlayer.build/CheerPracticePlayer-own-target-headers.hmap -Xcc -I/Users/ianrichardson/Library/Developer/Xcode/DerivedData/CheerPracticePlayer-gmffchwmywpbcjavdhbisbesxsco/Build/Intermediates.noindex/CheerPracticePlayer.build/Debug-iphonesimulator/CheerPracticePlayer.build/CheerPracticePlayer-all-target-headers.hmap -Xcc -iquote -Xcc /Users/ianrichardson/Library/Developer/Xcode/DerivedData/CheerPracticePlayer-gmffchwmywpbcjavdhbisbesxsco/Build/Intermediates.noindex/CheerPracticePlayer.build/Debug-iphonesimulator/CheerPracticePlayer.build/CheerPracticePlayer-project-headers.hmap -Xcc -I/Users/ianrichardson/Library/Developer/Xcode/DerivedData/CheerPracticePlayer-gmffchwmywpbcjavdhbisbesxsco/Build/Products/Debug-iphonesimulator/include -Xcc -I/Users/ianrichardson/Library/Developer/Xcode/DerivedData/CheerPracticePlayer-gmffchwmywpbcjavdhbisbesxsco/Build/Intermediates.noindex/CheerPracticePlayer.build/Debug-iphonesimulator/CheerPracticePlayer.build/DerivedSources-normal/arm64 -Xcc -I/Users/ianrichardson/Library/Developer/Xcode/DerivedData/CheerPracticePlayer-gmffchwmywpbcjavdhbisbesxsco/Build/Intermediates.noindex/CheerPracticePlayer.build/Debug-iphonesimulator/CheerPracticePlayer.build/DerivedSources/arm64 -Xcc -I/Users/ianrichardson/Library/Developer/Xcode/DerivedData/CheerPracticePlayer-gmffchwmywpbcjavdhbisbesxsco/Build/Intermediates.noindex/CheerPracticePlayer.build/Debug-iphonesimulator/CheerPracticePlayer.build/DerivedSources -Xcc -DDEBUG\=1 -emit-objc-header -emit-objc-header-path /Users/ianrichardson/Library/Developer/Xcode/DerivedData/CheerPracticePlayer-gmffchwmywpbcjavdhbisbesxsco/Build/Intermediates.noindex/CheerPracticePlayer.build/Debug-iphonesimulator/CheerPracticePlayer.build/Objects-normal/arm64/CheerPracticePlayer-Swift.h -working-directory /Users/ianrichardson/Projects/CheerPracticePlayer -experimental-emit-module-separately -disable-cmo

SwiftCompile normal x86_64 Compiling\ CheerPracticePlayerApp.swift /Users/ianrichardson/Projects/CheerPracticePlayer/App/CheerPracticePlayerApp.swift (in target 'CheerPracticePlayer' from project 'CheerPracticePlayer')

SwiftCompile normal x86_64 /Users/ianrichardson/Projects/CheerPracticePlayer/App/CheerPracticePlayerApp.swift (in target 'CheerPracticePlayer' from project 'CheerPracticePlayer')
    cd /Users/ianrichardson/Projects/CheerPracticePlayer
    

SwiftCompile normal x86_64 Compiling\ HomeView.swift /Users/ianrichardson/Projects/CheerPracticePlayer/Features/Home/Views/HomeView.swift (in target 'CheerPracticePlayer' from project 'CheerPracticePlayer')

SwiftCompile normal x86_64 /Users/ianrichardson/Projects/CheerPracticePlayer/Features/Home/Views/HomeView.swift (in target 'CheerPracticePlayer' from project 'CheerPracticePlayer')
    cd /Users/ianrichardson/Projects/CheerPracticePlayer
    

SwiftCompile normal x86_64 Compiling\ AudioPlaybackEngine.swift /Users/ianrichardson/Projects/CheerPracticePlayer/Shared/AudioPlaybackEngine.swift (in target 'CheerPracticePlayer' from project 'CheerPracticePlayer')

SwiftCompile normal x86_64 /Users/ianrichardson/Projects/CheerPracticePlayer/Shared/AudioPlaybackEngine.swift (in target 'CheerPracticePlayer' from project 'CheerPracticePlayer')
    cd /Users/ianrichardson/Projects/CheerPracticePlayer
    

SwiftCompile normal x86_64 Compiling\ DesignTokens.swift /Users/ianrichardson/Projects/CheerPracticePlayer/Shared/DesignTokens.swift (in target 'CheerPracticePlayer' from project 'CheerPracticePlayer')

SwiftCompile normal x86_64 /Users/ianrichardson/Projects/CheerPracticePlayer/Shared/DesignTokens.swift (in target 'CheerPracticePlayer' from project 'CheerPracticePlayer')
    cd /Users/ianrichardson/Projects/CheerPracticePlayer
    

SwiftCompile normal x86_64 Compiling\ LiveSessionController.swift /Users/ianrichardson/Projects/CheerPracticePlayer/Shared/LiveSessionController.swift (in target 'CheerPracticePlayer' from project 'CheerPracticePlayer')

SwiftCompile normal x86_64 /Users/ianrichardson/Projects/CheerPracticePlayer/Shared/LiveSessionController.swift (in target 'CheerPracticePlayer' from project 'CheerPracticePlayer')
    cd /Users/ianrichardson/Projects/CheerPracticePlayer
    

SwiftCompile normal x86_64 Compiling\ MixLibraryStore.swift /Users/ianrichardson/Projects/CheerPracticePlayer/Shared/MixLibraryStore.swift (in target 'CheerPracticePlayer' from project 'CheerPracticePlayer')

SwiftCompile normal x86_64 /Users/ianrichardson/Projects/CheerPracticePlayer/Shared/MixLibraryStore.swift (in target 'CheerPracticePlayer' from project 'CheerPracticePlayer')
    cd /Users/ianrichardson/Projects/CheerPracticePlayer
    

SwiftCompile normal x86_64 Compiling\ MixLibraryView.swift /Users/ianrichardson/Projects/CheerPracticePlayer/Features/Builder/Views/MixLibraryView.swift (in target 'CheerPracticePlayer' from project 'CheerPracticePlayer')

SwiftCompile normal x86_64 /Users/ianrichardson/Projects/CheerPracticePlayer/Features/Builder/Views/MixLibraryView.swift (in target 'CheerPracticePlayer' from project 'CheerPracticePlayer')
    cd /Users/ianrichardson/Projects/CheerPracticePlayer
    

SwiftCompile normal x86_64 Compiling\ PracticeBuilderView.swift /Users/ianrichardson/Projects/CheerPracticePlayer/Features/Builder/Views/PracticeBuilderView.swift (in target 'CheerPracticePlayer' from project 'CheerPracticePlayer')

SwiftCompile normal x86_64 /Users/ianrichardson/Projects/CheerPracticePlayer/Features/Builder/Views/PracticeBuilderView.swift (in target 'CheerPracticePlayer' from project 'CheerPracticePlayer')
    cd /Users/ianrichardson/Projects/CheerPracticePlayer
    

SwiftCompile normal x86_64 Compiling\ PracticeSection.swift /Users/ianrichardson/Projects/CheerPracticePlayer/Models/PracticeSection.swift (in target 'CheerPracticePlayer' from project 'CheerPracticePlayer')

SwiftCompile normal x86_64 /Users/ianrichardson/Projects/CheerPracticePlayer/Models/PracticeSection.swift (in target 'CheerPracticePlayer' from project 'CheerPracticePlayer')
    cd /Users/ianrichardson/Projects/CheerPracticePlayer
    

SwiftCompile normal x86_64 Compiling\ PrototypeSession.swift /Users/ianrichardson/Projects/CheerPracticePlayer/Models/PrototypeSession.swift (in target 'CheerPracticePlayer' from project 'CheerPracticePlayer')

SwiftCompile normal x86_64 /Users/ianrichardson/Projects/CheerPracticePlayer/Models/PrototypeSession.swift (in target 'CheerPracticePlayer' from project 'CheerPracticePlayer')
    cd /Users/ianrichardson/Projects/CheerPracticePlayer
    

SwiftCompile normal x86_64 Compiling\ PracticeBlock.swift /Users/ianrichardson/Projects/CheerPracticePlayer/Models/PracticeBlock.swift (in target 'CheerPracticePlayer' from project 'CheerPracticePlayer')

SwiftCompile normal x86_64 /Users/ianrichardson/Projects/CheerPracticePlayer/Models/PracticeBlock.swift (in target 'CheerPracticePlayer' from project 'CheerPracticePlayer')
    cd /Users/ianrichardson/Projects/CheerPracticePlayer
    

SwiftCompile normal x86_64 Compiling\ SavedMix.swift /Users/ianrichardson/Projects/CheerPracticePlayer/Models/SavedMix.swift (in target 'CheerPracticePlayer' from project 'CheerPracticePlayer')

SwiftCompile normal x86_64 /Users/ianrichardson/Projects/CheerPracticePlayer/Models/SavedMix.swift (in target 'CheerPracticePlayer' from project 'CheerPracticePlayer')
    cd /Users/ianrichardson/Projects/CheerPracticePlayer
    

SwiftCompile normal x86_64 Compiling\ WaveformExtractor.swift /Users/ianrichardson/Projects/CheerPracticePlayer/Shared/WaveformExtractor.swift (in target 'CheerPracticePlayer' from project 'CheerPracticePlayer')

SwiftCompile normal x86_64 /Users/ianrichardson/Projects/CheerPracticePlayer/Shared/WaveformExtractor.swift (in target 'CheerPracticePlayer' from project 'CheerPracticePlayer')
    cd /Users/ianrichardson/Projects/CheerPracticePlayer
    

SwiftCompile normal x86_64 Compiling\ SessionRunnerState.swift /Users/ianrichardson/Projects/CheerPracticePlayer/Models/SessionRunnerState.swift (in target 'CheerPracticePlayer' from project 'CheerPracticePlayer')

SwiftCompile normal x86_64 /Users/ianrichardson/Projects/CheerPracticePlayer/Models/SessionRunnerState.swift (in target 'CheerPracticePlayer' from project 'CheerPracticePlayer')
    cd /Users/ianrichardson/Projects/CheerPracticePlayer
    

SwiftEmitModule normal x86_64 Emitting\ module\ for\ CheerPracticePlayer (in target 'CheerPracticePlayer' from project 'CheerPracticePlayer')

EmitSwiftModule normal x86_64 (in target 'CheerPracticePlayer' from project 'CheerPracticePlayer')
    cd /Users/ianrichardson/Projects/CheerPracticePlayer
    

SwiftCompile normal x86_64 Compiling\ RootTabView.swift /Users/ianrichardson/Projects/CheerPracticePlayer/App/RootTabView.swift (in target 'CheerPracticePlayer' from project 'CheerPracticePlayer')

SwiftCompile normal x86_64 /Users/ianrichardson/Projects/CheerPracticePlayer/App/RootTabView.swift (in target 'CheerPracticePlayer' from project 'CheerPracticePlayer')
    cd /Users/ianrichardson/Projects/CheerPracticePlayer
    

SwiftCompile normal x86_64 Compiling\ WaveformTrimmerView.swift /Users/ianrichardson/Projects/CheerPracticePlayer/Features/Builder/Views/WaveformTrimmerView.swift (in target 'CheerPracticePlayer' from project 'CheerPracticePlayer')

SwiftCompile normal x86_64 /Users/ianrichardson/Projects/CheerPracticePlayer/Features/Builder/Views/WaveformTrimmerView.swift (in target 'CheerPracticePlayer' from project 'CheerPracticePlayer')
    cd /Users/ianrichardson/Projects/CheerPracticePlayer
    

SwiftCompile normal x86_64 Compiling\ LiveRunView.swift /Users/ianrichardson/Projects/CheerPracticePlayer/Features/RunMode/Views/LiveRunView.swift (in target 'CheerPracticePlayer' from project 'CheerPracticePlayer')

SwiftCompile normal x86_64 /Users/ianrichardson/Projects/CheerPracticePlayer/Features/RunMode/Views/LiveRunView.swift (in target 'CheerPracticePlayer' from project 'CheerPracticePlayer')
    cd /Users/ianrichardson/Projects/CheerPracticePlayer
    

SwiftCompile normal x86_64 Compiling\ GeneratedAssetSymbols.swift /Users/ianrichardson/Library/Developer/Xcode/DerivedData/CheerPracticePlayer-gmffchwmywpbcjavdhbisbesxsco/Build/Intermediates.noindex/CheerPracticePlayer.build/Debug-iphonesimulator/CheerPracticePlayer.build/DerivedSources/GeneratedAssetSymbols.swift (in target 'CheerPracticePlayer' from project 'CheerPracticePlayer')

SwiftCompile normal x86_64 /Users/ianrichardson/Library/Developer/Xcode/DerivedData/CheerPracticePlayer-gmffchwmywpbcjavdhbisbesxsco/Build/Intermediates.noindex/CheerPracticePlayer.build/Debug-iphonesimulator/CheerPracticePlayer.build/DerivedSources/GeneratedAssetSymbols.swift (in target 'CheerPracticePlayer' from project 'CheerPracticePlayer')
    cd /Users/ianrichardson/Projects/CheerPracticePlayer
    

SwiftCompile normal x86_64 Compiling\ ImportedMix.swift /Users/ianrichardson/Projects/CheerPracticePlayer/Models/ImportedMix.swift (in target 'CheerPracticePlayer' from project 'CheerPracticePlayer')

SwiftCompile normal x86_64 /Users/ianrichardson/Projects/CheerPracticePlayer/Models/ImportedMix.swift (in target 'CheerPracticePlayer' from project 'CheerPracticePlayer')
    cd /Users/ianrichardson/Projects/CheerPracticePlayer
    

SwiftCompile normal x86_64 Compiling\ Formatters.swift /Users/ianrichardson/Projects/CheerPracticePlayer/Shared/Formatters.swift (in target 'CheerPracticePlayer' from project 'CheerPracticePlayer')

SwiftCompile normal x86_64 /Users/ianrichardson/Projects/CheerPracticePlayer/Shared/Formatters.swift (in target 'CheerPracticePlayer' from project 'CheerPracticePlayer')
    cd /Users/ianrichardson/Projects/CheerPracticePlayer
    

SwiftCompile normal x86_64 Compiling\ MixImportService.swift /Users/ianrichardson/Projects/CheerPracticePlayer/Shared/MixImportService.swift (in target 'CheerPracticePlayer' from project 'CheerPracticePlayer')

SwiftCompile normal x86_64 /Users/ianrichardson/Projects/CheerPracticePlayer/Shared/MixImportService.swift (in target 'CheerPracticePlayer' from project 'CheerPracticePlayer')
    cd /Users/ianrichardson/Projects/CheerPracticePlayer
    

SwiftEmitModule normal arm64 Emitting\ module\ for\ CheerPracticePlayer (in target 'CheerPracticePlayer' from project 'CheerPracticePlayer')

EmitSwiftModule normal arm64 (in target 'CheerPracticePlayer' from project 'CheerPracticePlayer')
    cd /Users/ianrichardson/Projects/CheerPracticePlayer
    

SwiftCompile normal arm64 Compiling\ MixLibraryView.swift /Users/ianrichardson/Projects/CheerPracticePlayer/Features/Builder/Views/MixLibraryView.swift (in target 'CheerPracticePlayer' from project 'CheerPracticePlayer')

SwiftCompile normal arm64 /Users/ianrichardson/Projects/CheerPracticePlayer/Features/Builder/Views/MixLibraryView.swift (in target 'CheerPracticePlayer' from project 'CheerPracticePlayer')
    cd /Users/ianrichardson/Projects/CheerPracticePlayer
    

SwiftDriverJobDiscovery normal x86_64 Compiling GeneratedAssetSymbols.swift (in target 'CheerPracticePlayer' from project 'CheerPracticePlayer')

SwiftCompile normal arm64 Compiling\ DesignTokens.swift /Users/ianrichardson/Projects/CheerPracticePlayer/Shared/DesignTokens.swift (in target 'CheerPracticePlayer' from project 'CheerPracticePlayer')

SwiftCompile normal arm64 /Users/ianrichardson/Projects/CheerPracticePlayer/Shared/DesignTokens.swift (in target 'CheerPracticePlayer' from project 'CheerPracticePlayer')
    cd /Users/ianrichardson/Projects/CheerPracticePlayer
    

SwiftCompile normal arm64 Compiling\ WaveformTrimmerView.swift /Users/ianrichardson/Projects/CheerPracticePlayer/Features/Builder/Views/WaveformTrimmerView.swift (in target 'CheerPracticePlayer' from project 'CheerPracticePlayer')

SwiftCompile normal arm64 /Users/ianrichardson/Projects/CheerPracticePlayer/Features/Builder/Views/WaveformTrimmerView.swift (in target 'CheerPracticePlayer' from project 'CheerPracticePlayer')
    cd /Users/ianrichardson/Projects/CheerPracticePlayer
    

SwiftDriverJobDiscovery normal x86_64 Compiling Formatters.swift (in target 'CheerPracticePlayer' from project 'CheerPracticePlayer')

SwiftCompile normal arm64 Compiling\ PracticeBuilderView.swift /Users/ianrichardson/Projects/CheerPracticePlayer/Features/Builder/Views/PracticeBuilderView.swift (in target 'CheerPracticePlayer' from project 'CheerPracticePlayer')

SwiftCompile normal arm64 /Users/ianrichardson/Projects/CheerPracticePlayer/Features/Builder/Views/PracticeBuilderView.swift (in target 'CheerPracticePlayer' from project 'CheerPracticePlayer')
    cd /Users/ianrichardson/Projects/CheerPracticePlayer
    

SwiftDriverJobDiscovery normal x86_64 Compiling AudioPlaybackEngine.swift (in target 'CheerPracticePlayer' from project 'CheerPracticePlayer')

SwiftDriverJobDiscovery normal x86_64 Compiling SavedMix.swift (in target 'CheerPracticePlayer' from project 'CheerPracticePlayer')

SwiftCompile normal arm64 Compiling\ PrototypeSession.swift /Users/ianrichardson/Projects/CheerPracticePlayer/Models/PrototypeSession.swift (in target 'CheerPracticePlayer' from project 'CheerPracticePlayer')

SwiftCompile normal arm64 /Users/ianrichardson/Projects/CheerPracticePlayer/Models/PrototypeSession.swift (in target 'CheerPracticePlayer' from project 'CheerPracticePlayer')
    cd /Users/ianrichardson/Projects/CheerPracticePlayer
    

SwiftDriverJobDiscovery normal x86_64 Compiling PracticeBlock.swift (in target 'CheerPracticePlayer' from project 'CheerPracticePlayer')

SwiftCompile normal arm64 Compiling\ CheerPracticePlayerApp.swift /Users/ianrichardson/Projects/CheerPracticePlayer/App/CheerPracticePlayerApp.swift (in target 'CheerPracticePlayer' from project 'CheerPracticePlayer')

SwiftCompile normal arm64 /Users/ianrichardson/Projects/CheerPracticePlayer/App/CheerPracticePlayerApp.swift (in target 'CheerPracticePlayer' from project 'CheerPracticePlayer')
    cd /Users/ianrichardson/Projects/CheerPracticePlayer
    

SwiftDriverJobDiscovery normal x86_64 Compiling ImportedMix.swift (in target 'CheerPracticePlayer' from project 'CheerPracticePlayer')

SwiftCompile normal arm64 Compiling\ LiveSessionController.swift /Users/ianrichardson/Projects/CheerPracticePlayer/Shared/LiveSessionController.swift (in target 'CheerPracticePlayer' from project 'CheerPracticePlayer')

SwiftCompile normal arm64 /Users/ianrichardson/Projects/CheerPracticePlayer/Shared/LiveSessionController.swift (in target 'CheerPracticePlayer' from project 'CheerPracticePlayer')
    cd /Users/ianrichardson/Projects/CheerPracticePlayer
    

SwiftDriverJobDiscovery normal x86_64 Compiling PracticeSection.swift (in target 'CheerPracticePlayer' from project 'CheerPracticePlayer')

SwiftCompile normal arm64 Compiling\ AudioPlaybackEngine.swift /Users/ianrichardson/Projects/CheerPracticePlayer/Shared/AudioPlaybackEngine.swift (in target 'CheerPracticePlayer' from project 'CheerPracticePlayer')

SwiftCompile normal arm64 /Users/ianrichardson/Projects/CheerPracticePlayer/Shared/AudioPlaybackEngine.swift (in target 'CheerPracticePlayer' from project 'CheerPracticePlayer')
    cd /Users/ianrichardson/Projects/CheerPracticePlayer
    

SwiftDriverJobDiscovery normal x86_64 Compiling SessionRunnerState.swift (in target 'CheerPracticePlayer' from project 'CheerPracticePlayer')

SwiftCompile normal arm64 Compiling\ SavedMix.swift /Users/ianrichardson/Projects/CheerPracticePlayer/Models/SavedMix.swift (in target 'CheerPracticePlayer' from project 'CheerPracticePlayer')

SwiftCompile normal arm64 /Users/ianrichardson/Projects/CheerPracticePlayer/Models/SavedMix.swift (in target 'CheerPracticePlayer' from project 'CheerPracticePlayer')
    cd /Users/ianrichardson/Projects/CheerPracticePlayer
    

SwiftDriverJobDiscovery normal x86_64 Compiling PrototypeSession.swift (in target 'CheerPracticePlayer' from project 'CheerPracticePlayer')

SwiftCompile normal arm64 Compiling\ PracticeSection.swift /Users/ianrichardson/Projects/CheerPracticePlayer/Models/PracticeSection.swift (in target 'CheerPracticePlayer' from project 'CheerPracticePlayer')

SwiftCompile normal arm64 /Users/ianrichardson/Projects/CheerPracticePlayer/Models/PracticeSection.swift (in target 'CheerPracticePlayer' from project 'CheerPracticePlayer')
    cd /Users/ianrichardson/Projects/CheerPracticePlayer
    

SwiftDriverJobDiscovery normal x86_64 Compiling WaveformExtractor.swift (in target 'CheerPracticePlayer' from project 'CheerPracticePlayer')

SwiftCompile normal arm64 Compiling\ MixLibraryStore.swift /Users/ianrichardson/Projects/CheerPracticePlayer/Shared/MixLibraryStore.swift (in target 'CheerPracticePlayer' from project 'CheerPracticePlayer')

SwiftCompile normal arm64 /Users/ianrichardson/Projects/CheerPracticePlayer/Shared/MixLibraryStore.swift (in target 'CheerPracticePlayer' from project 'CheerPracticePlayer')
    cd /Users/ianrichardson/Projects/CheerPracticePlayer
    

SwiftDriverJobDiscovery normal x86_64 Compiling MixImportService.swift (in target 'CheerPracticePlayer' from project 'CheerPracticePlayer')

SwiftCompile normal arm64 Compiling\ RootTabView.swift /Users/ianrichardson/Projects/CheerPracticePlayer/App/RootTabView.swift (in target 'CheerPracticePlayer' from project 'CheerPracticePlayer')

SwiftCompile normal arm64 /Users/ianrichardson/Projects/CheerPracticePlayer/App/RootTabView.swift (in target 'CheerPracticePlayer' from project 'CheerPracticePlayer')
    cd /Users/ianrichardson/Projects/CheerPracticePlayer
    

SwiftDriverJobDiscovery normal x86_64 Compiling CheerPracticePlayerApp.swift (in target 'CheerPracticePlayer' from project 'CheerPracticePlayer')

SwiftCompile normal arm64 Compiling\ Formatters.swift /Users/ianrichardson/Projects/CheerPracticePlayer/Shared/Formatters.swift (in target 'CheerPracticePlayer' from project 'CheerPracticePlayer')

SwiftCompile normal arm64 /Users/ianrichardson/Projects/CheerPracticePlayer/Shared/Formatters.swift (in target 'CheerPracticePlayer' from project 'CheerPracticePlayer')
    cd /Users/ianrichardson/Projects/CheerPracticePlayer
    

SwiftDriverJobDiscovery normal x86_64 Compiling MixLibraryStore.swift (in target 'CheerPracticePlayer' from project 'CheerPracticePlayer')

SwiftCompile normal arm64 Compiling\ HomeView.swift /Users/ianrichardson/Projects/CheerPracticePlayer/Features/Home/Views/HomeView.swift (in target 'CheerPracticePlayer' from project 'CheerPracticePlayer')

SwiftCompile normal arm64 /Users/ianrichardson/Projects/CheerPracticePlayer/Features/Home/Views/HomeView.swift (in target 'CheerPracticePlayer' from project 'CheerPracticePlayer')
    cd /Users/ianrichardson/Projects/CheerPracticePlayer
    

SwiftDriverJobDiscovery normal x86_64 Compiling WaveformTrimmerView.swift (in target 'CheerPracticePlayer' from project 'CheerPracticePlayer')

SwiftCompile normal arm64 Compiling\ PracticeBlock.swift /Users/ianrichardson/Projects/CheerPracticePlayer/Models/PracticeBlock.swift (in target 'CheerPracticePlayer' from project 'CheerPracticePlayer')

SwiftCompile normal arm64 /Users/ianrichardson/Projects/CheerPracticePlayer/Models/PracticeBlock.swift (in target 'CheerPracticePlayer' from project 'CheerPracticePlayer')
    cd /Users/ianrichardson/Projects/CheerPracticePlayer
    

SwiftDriverJobDiscovery normal x86_64 Compiling MixLibraryView.swift (in target 'CheerPracticePlayer' from project 'CheerPracticePlayer')

SwiftCompile normal arm64 Compiling\ GeneratedAssetSymbols.swift /Users/ianrichardson/Library/Developer/Xcode/DerivedData/CheerPracticePlayer-gmffchwmywpbcjavdhbisbesxsco/Build/Intermediates.noindex/CheerPracticePlayer.build/Debug-iphonesimulator/CheerPracticePlayer.build/DerivedSources/GeneratedAssetSymbols.swift (in target 'CheerPracticePlayer' from project 'CheerPracticePlayer')

SwiftCompile normal arm64 /Users/ianrichardson/Library/Developer/Xcode/DerivedData/CheerPracticePlayer-gmffchwmywpbcjavdhbisbesxsco/Build/Intermediates.noindex/CheerPracticePlayer.build/Debug-iphonesimulator/CheerPracticePlayer.build/DerivedSources/GeneratedAssetSymbols.swift (in target 'CheerPracticePlayer' from project 'CheerPracticePlayer')
    cd /Users/ianrichardson/Projects/CheerPracticePlayer
    

SwiftDriverJobDiscovery normal x86_64 Compiling DesignTokens.swift (in target 'CheerPracticePlayer' from project 'CheerPracticePlayer')

SwiftCompile normal arm64 Compiling\ WaveformExtractor.swift /Users/ianrichardson/Projects/CheerPracticePlayer/Shared/WaveformExtractor.swift (in target 'CheerPracticePlayer' from project 'CheerPracticePlayer')

SwiftCompile normal arm64 /Users/ianrichardson/Projects/CheerPracticePlayer/Shared/WaveformExtractor.swift (in target 'CheerPracticePlayer' from project 'CheerPracticePlayer')
    cd /Users/ianrichardson/Projects/CheerPracticePlayer
    

SwiftDriverJobDiscovery normal x86_64 Emitting module for CheerPracticePlayer (in target 'CheerPracticePlayer' from project 'CheerPracticePlayer')

SwiftDriver\ Compilation\ Requirements CheerPracticePlayer normal x86_64 com.apple.xcode.tools.swift.compiler (in target 'CheerPracticePlayer' from project 'CheerPracticePlayer')
    cd /Users/ianrichardson/Projects/CheerPracticePlayer
    builtin-Swift-Compilation-Requirements -- /Applications/Xcode.app/Contents/Developer/Toolchains/XcodeDefault.xctoolchain/usr/bin/swiftc -module-name CheerPracticePlayer -Onone @/Users/ianrichardson/Library/Developer/Xcode/DerivedData/CheerPracticePlayer-gmffchwmywpbcjavdhbisbesxsco/Build/Intermediates.noindex/CheerPracticePlayer.build/Debug-iphonesimulator/CheerPracticePlayer.build/Objects-normal/x86_64/CheerPracticePlayer.SwiftFileList -DDEBUG -enable-bare-slash-regex -enable-experimental-feature DebugDescriptionMacro -sdk /Applications/Xcode.app/Contents/Developer/Platforms/iPhoneSimulator.platform/Developer/SDKs/iPhoneSimulator26.4.sdk -target x86_64-apple-ios18.0-simulator -g -module-cache-path /Users/ianrichardson/Library/Developer/Xcode/DerivedData/ModuleCache.noindex -Xfrontend -serialize-debugging-options -enable-testing -index-store-path /Users/ianrichardson/Library/Developer/Xcode/DerivedData/CheerPracticePlayer-gmffchwmywpbcjavdhbisbesxsco/Index.noindex/DataStore -Xcc -D_LIBCPP_HARDENING_MODE\=_LIBCPP_HARDENING_MODE_DEBUG -swift-version 5 -I /Users/ianrichardson/Library/Developer/Xcode/DerivedData/CheerPracticePlayer-gmffchwmywpbcjavdhbisbesxsco/Build/Products/Debug-iphonesimulator -F /Users/ianrichardson/Library/Developer/Xcode/DerivedData/CheerPracticePlayer-gmffchwmywpbcjavdhbisbesxsco/Build/Products/Debug-iphonesimulator -c -j24 -enable-batch-mode -incremental -Xcc -ivfsstatcache -Xcc /Users/ianrichardson/Library/Developer/Xcode/DerivedData/SDKStatCaches.noindex/iphonesimulator26.4-23E237-688ef53f1462e2c8f657fdc38a81448f686eebb5dc1d8ecb277353a59184f4aa.sdkstatcache -output-file-map /Users/ianrichardson/Library/Developer/Xcode/DerivedData/CheerPracticePlayer-gmffchwmywpbcjavdhbisbesxsco/Build/Intermediates.noindex/CheerPracticePlayer.build/Debug-iphonesimulator/CheerPracticePlayer.build/Objects-normal/x86_64/CheerPracticePlayer-OutputFileMap.json -use-frontend-parseable-output -save-temps -no-color-diagnostics -explicit-module-build -module-cache-path /Users/ianrichardson/Library/Developer/Xcode/DerivedData/CheerPracticePlayer-gmffchwmywpbcjavdhbisbesxsco/Build/Intermediates.noindex/SwiftExplicitPrecompiledModules -clang-scanner-module-cache-path /Users/ianrichardson/Library/Developer/Xcode/DerivedData/ModuleCache.noindex -sdk-module-cache-path /Users/ianrichardson/Library/Developer/Xcode/DerivedData/ModuleCache.noindex -serialize-diagnostics -emit-dependencies -emit-module -emit-module-path /Users/ianrichardson/Library/Developer/Xcode/DerivedData/CheerPracticePlayer-gmffchwmywpbcjavdhbisbesxsco/Build/Intermediates.noindex/CheerPracticePlayer.build/Debug-iphonesimulator/CheerPracticePlayer.build/Objects-normal/x86_64/CheerPracticePlayer.swiftmodule -validate-clang-modules-once -clang-build-session-file /Users/ianrichardson/Library/Developer/Xcode/DerivedData/ModuleCache.noindex/Session.modulevalidation -Xcc -I/Users/ianrichardson/Library/Developer/Xcode/DerivedData/CheerPracticePlayer-gmffchwmywpbcjavdhbisbesxsco/Build/Intermediates.noindex/CheerPracticePlayer.build/Debug-iphonesimulator/CheerPracticePlayer.build/swift-overrides.hmap -emit-const-values -Xfrontend -const-gather-protocols-file -Xfrontend /Users/ianrichardson/Library/Developer/Xcode/DerivedData/CheerPracticePlayer-gmffchwmywpbcjavdhbisbesxsco/Build/Intermediates.noindex/CheerPracticePlayer.build/Debug-iphonesimulator/CheerPracticePlayer.build/Objects-normal/x86_64/CheerPracticePlayer_const_extract_protocols.json -Xcc -iquote -Xcc /Users/ianrichardson/Library/Developer/Xcode/DerivedData/CheerPracticePlayer-gmffchwmywpbcjavdhbisbesxsco/Build/Intermediates.noindex/CheerPracticePlayer.build/Debug-iphonesimulator/CheerPracticePlayer.build/CheerPracticePlayer-generated-files.hmap -Xcc -I/Users/ianrichardson/Library/Developer/Xcode/DerivedData/CheerPracticePlayer-gmffchwmywpbcjavdhbisbesxsco/Build/Intermediates.noindex/CheerPracticePlayer.build/Debug-iphonesimulator/CheerPracticePlayer.build/CheerPracticePlayer-own-target-headers.hmap -Xcc -I/Users/ianrichardson/Library/Developer/Xcode/DerivedData/CheerPracticePlayer-gmffchwmywpbcjavdhbisbesxsco/Build/Intermediates.noindex/CheerPracticePlayer.build/Debug-iphonesimulator/CheerPracticePlayer.build/CheerPracticePlayer-all-target-headers.hmap -Xcc -iquote -Xcc /Users/ianrichardson/Library/Developer/Xcode/DerivedData/CheerPracticePlayer-gmffchwmywpbcjavdhbisbesxsco/Build/Intermediates.noindex/CheerPracticePlayer.build/Debug-iphonesimulator/CheerPracticePlayer.build/CheerPracticePlayer-project-headers.hmap -Xcc -I/Users/ianrichardson/Library/Developer/Xcode/DerivedData/CheerPracticePlayer-gmffchwmywpbcjavdhbisbesxsco/Build/Products/Debug-iphonesimulator/include -Xcc -I/Users/ianrichardson/Library/Developer/Xcode/DerivedData/CheerPracticePlayer-gmffchwmywpbcjavdhbisbesxsco/Build/Intermediates.noindex/CheerPracticePlayer.build/Debug-iphonesimulator/CheerPracticePlayer.build/DerivedSources-normal/x86_64 -Xcc -I/Users/ianrichardson/Library/Developer/Xcode/DerivedData/CheerPracticePlayer-gmffchwmywpbcjavdhbisbesxsco/Build/Intermediates.noindex/CheerPracticePlayer.build/Debug-iphonesimulator/CheerPracticePlayer.build/DerivedSources/x86_64 -Xcc -I/Users/ianrichardson/Library/Developer/Xcode/DerivedData/CheerPracticePlayer-gmffchwmywpbcjavdhbisbesxsco/Build/Intermediates.noindex/CheerPracticePlayer.build/Debug-iphonesimulator/CheerPracticePlayer.build/DerivedSources -Xcc -DDEBUG\=1 -emit-objc-header -emit-objc-header-path /Users/ianrichardson/Library/Developer/Xcode/DerivedData/CheerPracticePlayer-gmffchwmywpbcjavdhbisbesxsco/Build/Intermediates.noindex/CheerPracticePlayer.build/Debug-iphonesimulator/CheerPracticePlayer.build/Objects-normal/x86_64/CheerPracticePlayer-Swift.h -working-directory /Users/ianrichardson/Projects/CheerPracticePlayer -experimental-emit-module-separately -disable-cmo

SwiftDriverJobDiscovery normal x86_64 Compiling RootTabView.swift (in target 'CheerPracticePlayer' from project 'CheerPracticePlayer')

SwiftCompile normal arm64 Compiling\ MixImportService.swift /Users/ianrichardson/Projects/CheerPracticePlayer/Shared/MixImportService.swift (in target 'CheerPracticePlayer' from project 'CheerPracticePlayer')

SwiftCompile normal arm64 /Users/ianrichardson/Projects/CheerPracticePlayer/Shared/MixImportService.swift (in target 'CheerPracticePlayer' from project 'CheerPracticePlayer')
    cd /Users/ianrichardson/Projects/CheerPracticePlayer
    

Copy /Users/ianrichardson/Library/Developer/Xcode/DerivedData/CheerPracticePlayer-gmffchwmywpbcjavdhbisbesxsco/Build/Products/Debug-iphonesimulator/CheerPracticePlayer.swiftmodule/x86_64-apple-ios-simulator.swiftmodule /Users/ianrichardson/Library/Developer/Xcode/DerivedData/CheerPracticePlayer-gmffchwmywpbcjavdhbisbesxsco/Build/Intermediates.noindex/CheerPracticePlayer.build/Debug-iphonesimulator/CheerPracticePlayer.build/Objects-normal/x86_64/CheerPracticePlayer.swiftmodule (in target 'CheerPracticePlayer' from project 'CheerPracticePlayer')
    cd /Users/ianrichardson/Projects/CheerPracticePlayer
    builtin-copy -exclude .DS_Store -exclude CVS -exclude .svn -exclude .git -exclude .hg -resolve-src-symlinks -rename /Users/ianrichardson/Library/Developer/Xcode/DerivedData/CheerPracticePlayer-gmffchwmywpbcjavdhbisbesxsco/Build/Intermediates.noindex/CheerPracticePlayer.build/Debug-iphonesimulator/CheerPracticePlayer.build/Objects-normal/x86_64/CheerPracticePlayer.swiftmodule /Users/ianrichardson/Library/Developer/Xcode/DerivedData/CheerPracticePlayer-gmffchwmywpbcjavdhbisbesxsco/Build/Products/Debug-iphonesimulator/CheerPracticePlayer.swiftmodule/x86_64-apple-ios-simulator.swiftmodule

SwiftDriverJobDiscovery normal arm64 Compiling AudioPlaybackEngine.swift (in target 'CheerPracticePlayer' from project 'CheerPracticePlayer')

Copy /Users/ianrichardson/Library/Developer/Xcode/DerivedData/CheerPracticePlayer-gmffchwmywpbcjavdhbisbesxsco/Build/Products/Debug-iphonesimulator/CheerPracticePlayer.swiftmodule/x86_64-apple-ios-simulator.swiftdoc /Users/ianrichardson/Library/Developer/Xcode/DerivedData/CheerPracticePlayer-gmffchwmywpbcjavdhbisbesxsco/Build/Intermediates.noindex/CheerPracticePlayer.build/Debug-iphonesimulator/CheerPracticePlayer.build/Objects-normal/x86_64/CheerPracticePlayer.swiftdoc (in target 'CheerPracticePlayer' from project 'CheerPracticePlayer')
    cd /Users/ianrichardson/Projects/CheerPracticePlayer
    builtin-copy -exclude .DS_Store -exclude CVS -exclude .svn -exclude .git -exclude .hg -resolve-src-symlinks -rename /Users/ianrichardson/Library/Developer/Xcode/DerivedData/CheerPracticePlayer-gmffchwmywpbcjavdhbisbesxsco/Build/Intermediates.noindex/CheerPracticePlayer.build/Debug-iphonesimulator/CheerPracticePlayer.build/Objects-normal/x86_64/CheerPracticePlayer.swiftdoc /Users/ianrichardson/Library/Developer/Xcode/DerivedData/CheerPracticePlayer-gmffchwmywpbcjavdhbisbesxsco/Build/Products/Debug-iphonesimulator/CheerPracticePlayer.swiftmodule/x86_64-apple-ios-simulator.swiftdoc

SwiftDriverJobDiscovery normal arm64 Compiling SavedMix.swift (in target 'CheerPracticePlayer' from project 'CheerPracticePlayer')

Copy /Users/ianrichardson/Library/Developer/Xcode/DerivedData/CheerPracticePlayer-gmffchwmywpbcjavdhbisbesxsco/Build/Products/Debug-iphonesimulator/CheerPracticePlayer.swiftmodule/x86_64-apple-ios-simulator.abi.json /Users/ianrichardson/Library/Developer/Xcode/DerivedData/CheerPracticePlayer-gmffchwmywpbcjavdhbisbesxsco/Build/Intermediates.noindex/CheerPracticePlayer.build/Debug-iphonesimulator/CheerPracticePlayer.build/Objects-normal/x86_64/CheerPracticePlayer.abi.json (in target 'CheerPracticePlayer' from project 'CheerPracticePlayer')
    cd /Users/ianrichardson/Projects/CheerPracticePlayer
    builtin-copy -exclude .DS_Store -exclude CVS -exclude .svn -exclude .git -exclude .hg -resolve-src-symlinks -rename /Users/ianrichardson/Library/Developer/Xcode/DerivedData/CheerPracticePlayer-gmffchwmywpbcjavdhbisbesxsco/Build/Intermediates.noindex/CheerPracticePlayer.build/Debug-iphonesimulator/CheerPracticePlayer.build/Objects-normal/x86_64/CheerPracticePlayer.abi.json /Users/ianrichardson/Library/Developer/Xcode/DerivedData/CheerPracticePlayer-gmffchwmywpbcjavdhbisbesxsco/Build/Products/Debug-iphonesimulator/CheerPracticePlayer.swiftmodule/x86_64-apple-ios-simulator.abi.json

Copy /Users/ianrichardson/Library/Developer/Xcode/DerivedData/CheerPracticePlayer-gmffchwmywpbcjavdhbisbesxsco/Build/Products/Debug-iphonesimulator/CheerPracticePlayer.swiftmodule/Project/x86_64-apple-ios-simulator.swiftsourceinfo /Users/ianrichardson/Library/Developer/Xcode/DerivedData/CheerPracticePlayer-gmffchwmywpbcjavdhbisbesxsco/Build/Intermediates.noindex/CheerPracticePlayer.build/Debug-iphonesimulator/CheerPracticePlayer.build/Objects-normal/x86_64/CheerPracticePlayer.swiftsourceinfo (in target 'CheerPracticePlayer' from project 'CheerPracticePlayer')
    cd /Users/ianrichardson/Projects/CheerPracticePlayer
    builtin-copy -exclude .DS_Store -exclude CVS -exclude .svn -exclude .git -exclude .hg -resolve-src-symlinks -rename /Users/ianrichardson/Library/Developer/Xcode/DerivedData/CheerPracticePlayer-gmffchwmywpbcjavdhbisbesxsco/Build/Intermediates.noindex/CheerPracticePlayer.build/Debug-iphonesimulator/CheerPracticePlayer.build/Objects-normal/x86_64/CheerPracticePlayer.swiftsourceinfo /Users/ianrichardson/Library/Developer/Xcode/DerivedData/CheerPracticePlayer-gmffchwmywpbcjavdhbisbesxsco/Build/Products/Debug-iphonesimulator/CheerPracticePlayer.swiftmodule/Project/x86_64-apple-ios-simulator.swiftsourceinfo

SwiftCompile normal arm64 Compiling\ ImportedMix.swift /Users/ianrichardson/Projects/CheerPracticePlayer/Models/ImportedMix.swift (in target 'CheerPracticePlayer' from project 'CheerPracticePlayer')

SwiftCompile normal arm64 /Users/ianrichardson/Projects/CheerPracticePlayer/Models/ImportedMix.swift (in target 'CheerPracticePlayer' from project 'CheerPracticePlayer')
    cd /Users/ianrichardson/Projects/CheerPracticePlayer
    

SwiftDriverJobDiscovery normal arm64 Compiling PrototypeSession.swift (in target 'CheerPracticePlayer' from project 'CheerPracticePlayer')

SwiftCompile normal arm64 Compiling\ LiveRunView.swift /Users/ianrichardson/Projects/CheerPracticePlayer/Features/RunMode/Views/LiveRunView.swift (in target 'CheerPracticePlayer' from project 'CheerPracticePlayer')

SwiftCompile normal arm64 /Users/ianrichardson/Projects/CheerPracticePlayer/Features/RunMode/Views/LiveRunView.swift (in target 'CheerPracticePlayer' from project 'CheerPracticePlayer')
    cd /Users/ianrichardson/Projects/CheerPracticePlayer
    

SwiftCompile normal arm64 Compiling\ SessionRunnerState.swift /Users/ianrichardson/Projects/CheerPracticePlayer/Models/SessionRunnerState.swift (in target 'CheerPracticePlayer' from project 'CheerPracticePlayer')

SwiftCompile normal arm64 /Users/ianrichardson/Projects/CheerPracticePlayer/Models/SessionRunnerState.swift (in target 'CheerPracticePlayer' from project 'CheerPracticePlayer')
    cd /Users/ianrichardson/Projects/CheerPracticePlayer
    

SwiftDriverJobDiscovery normal arm64 Compiling PracticeSection.swift (in target 'CheerPracticePlayer' from project 'CheerPracticePlayer')

SwiftDriverJobDiscovery normal arm64 Compiling Formatters.swift (in target 'CheerPracticePlayer' from project 'CheerPracticePlayer')

SwiftDriverJobDiscovery normal x86_64 Compiling LiveSessionController.swift (in target 'CheerPracticePlayer' from project 'CheerPracticePlayer')

SwiftDriverJobDiscovery normal arm64 Compiling GeneratedAssetSymbols.swift (in target 'CheerPracticePlayer' from project 'CheerPracticePlayer')

SwiftDriverJobDiscovery normal arm64 Compiling MixLibraryView.swift (in target 'CheerPracticePlayer' from project 'CheerPracticePlayer')

SwiftDriverJobDiscovery normal arm64 Compiling CheerPracticePlayerApp.swift (in target 'CheerPracticePlayer' from project 'CheerPracticePlayer')

SwiftDriverJobDiscovery normal arm64 Compiling WaveformTrimmerView.swift (in target 'CheerPracticePlayer' from project 'CheerPracticePlayer')

SwiftDriverJobDiscovery normal arm64 Emitting module for CheerPracticePlayer (in target 'CheerPracticePlayer' from project 'CheerPracticePlayer')

SwiftDriver\ Compilation\ Requirements CheerPracticePlayer normal arm64 com.apple.xcode.tools.swift.compiler (in target 'CheerPracticePlayer' from project 'CheerPracticePlayer')
    cd /Users/ianrichardson/Projects/CheerPracticePlayer
    builtin-Swift-Compilation-Requirements -- /Applications/Xcode.app/Contents/Developer/Toolchains/XcodeDefault.xctoolchain/usr/bin/swiftc -module-name CheerPracticePlayer -Onone @/Users/ianrichardson/Library/Developer/Xcode/DerivedData/CheerPracticePlayer-gmffchwmywpbcjavdhbisbesxsco/Build/Intermediates.noindex/CheerPracticePlayer.build/Debug-iphonesimulator/CheerPracticePlayer.build/Objects-normal/arm64/CheerPracticePlayer.SwiftFileList -DDEBUG -enable-bare-slash-regex -enable-experimental-feature DebugDescriptionMacro -sdk /Applications/Xcode.app/Contents/Developer/Platforms/iPhoneSimulator.platform/Developer/SDKs/iPhoneSimulator26.4.sdk -target arm64-apple-ios18.0-simulator -g -module-cache-path /Users/ianrichardson/Library/Developer/Xcode/DerivedData/ModuleCache.noindex -Xfrontend -serialize-debugging-options -enable-testing -index-store-path /Users/ianrichardson/Library/Developer/Xcode/DerivedData/CheerPracticePlayer-gmffchwmywpbcjavdhbisbesxsco/Index.noindex/DataStore -Xcc -D_LIBCPP_HARDENING_MODE\=_LIBCPP_HARDENING_MODE_DEBUG -swift-version 5 -I /Users/ianrichardson/Library/Developer/Xcode/DerivedData/CheerPracticePlayer-gmffchwmywpbcjavdhbisbesxsco/Build/Products/Debug-iphonesimulator -F /Users/ianrichardson/Library/Developer/Xcode/DerivedData/CheerPracticePlayer-gmffchwmywpbcjavdhbisbesxsco/Build/Products/Debug-iphonesimulator -c -j24 -enable-batch-mode -incremental -Xcc -ivfsstatcache -Xcc /Users/ianrichardson/Library/Developer/Xcode/DerivedData/SDKStatCaches.noindex/iphonesimulator26.4-23E237-688ef53f1462e2c8f657fdc38a81448f686eebb5dc1d8ecb277353a59184f4aa.sdkstatcache -output-file-map /Users/ianrichardson/Library/Developer/Xcode/DerivedData/CheerPracticePlayer-gmffchwmywpbcjavdhbisbesxsco/Build/Intermediates.noindex/CheerPracticePlayer.build/Debug-iphonesimulator/CheerPracticePlayer.build/Objects-normal/arm64/CheerPracticePlayer-OutputFileMap.json -use-frontend-parseable-output -save-temps -no-color-diagnostics -explicit-module-build -module-cache-path /Users/ianrichardson/Library/Developer/Xcode/DerivedData/CheerPracticePlayer-gmffchwmywpbcjavdhbisbesxsco/Build/Intermediates.noindex/SwiftExplicitPrecompiledModules -clang-scanner-module-cache-path /Users/ianrichardson/Library/Developer/Xcode/DerivedData/ModuleCache.noindex -sdk-module-cache-path /Users/ianrichardson/Library/Developer/Xcode/DerivedData/ModuleCache.noindex -serialize-diagnostics -emit-dependencies -emit-module -emit-module-path /Users/ianrichardson/Library/Developer/Xcode/DerivedData/CheerPracticePlayer-gmffchwmywpbcjavdhbisbesxsco/Build/Intermediates.noindex/CheerPracticePlayer.build/Debug-iphonesimulator/CheerPracticePlayer.build/Objects-normal/arm64/CheerPracticePlayer.swiftmodule -validate-clang-modules-once -clang-build-session-file /Users/ianrichardson/Library/Developer/Xcode/DerivedData/ModuleCache.noindex/Session.modulevalidation -Xcc -I/Users/ianrichardson/Library/Developer/Xcode/DerivedData/CheerPracticePlayer-gmffchwmywpbcjavdhbisbesxsco/Build/Intermediates.noindex/CheerPracticePlayer.build/Debug-iphonesimulator/CheerPracticePlayer.build/swift-overrides.hmap -emit-const-values -Xfrontend -const-gather-protocols-file -Xfrontend /Users/ianrichardson/Library/Developer/Xcode/DerivedData/CheerPracticePlayer-gmffchwmywpbcjavdhbisbesxsco/Build/Intermediates.noindex/CheerPracticePlayer.build/Debug-iphonesimulator/CheerPracticePlayer.build/Objects-normal/arm64/CheerPracticePlayer_const_extract_protocols.json -Xcc -iquote -Xcc /Users/ianrichardson/Library/Developer/Xcode/DerivedData/CheerPracticePlayer-gmffchwmywpbcjavdhbisbesxsco/Build/Intermediates.noindex/CheerPracticePlayer.build/Debug-iphonesimulator/CheerPracticePlayer.build/CheerPracticePlayer-generated-files.hmap -Xcc -I/Users/ianrichardson/Library/Developer/Xcode/DerivedData/CheerPracticePlayer-gmffchwmywpbcjavdhbisbesxsco/Build/Intermediates.noindex/CheerPracticePlayer.build/Debug-iphonesimulator/CheerPracticePlayer.build/CheerPracticePlayer-own-target-headers.hmap -Xcc -I/Users/ianrichardson/Library/Developer/Xcode/DerivedData/CheerPracticePlayer-gmffchwmywpbcjavdhbisbesxsco/Build/Intermediates.noindex/CheerPracticePlayer.build/Debug-iphonesimulator/CheerPracticePlayer.build/CheerPracticePlayer-all-target-headers.hmap -Xcc -iquote -Xcc /Users/ianrichardson/Library/Developer/Xcode/DerivedData/CheerPracticePlayer-gmffchwmywpbcjavdhbisbesxsco/Build/Intermediates.noindex/CheerPracticePlayer.build/Debug-iphonesimulator/CheerPracticePlayer.build/CheerPracticePlayer-project-headers.hmap -Xcc -I/Users/ianrichardson/Library/Developer/Xcode/DerivedData/CheerPracticePlayer-gmffchwmywpbcjavdhbisbesxsco/Build/Products/Debug-iphonesimulator/include -Xcc -I/Users/ianrichardson/Library/Developer/Xcode/DerivedData/CheerPracticePlayer-gmffchwmywpbcjavdhbisbesxsco/Build/Intermediates.noindex/CheerPracticePlayer.build/Debug-iphonesimulator/CheerPracticePlayer.build/DerivedSources-normal/arm64 -Xcc -I/Users/ianrichardson/Library/Developer/Xcode/DerivedData/CheerPracticePlayer-gmffchwmywpbcjavdhbisbesxsco/Build/Intermediates.noindex/CheerPracticePlayer.build/Debug-iphonesimulator/CheerPracticePlayer.build/DerivedSources/arm64 -Xcc -I/Users/ianrichardson/Library/Developer/Xcode/DerivedData/CheerPracticePlayer-gmffchwmywpbcjavdhbisbesxsco/Build/Intermediates.noindex/CheerPracticePlayer.build/Debug-iphonesimulator/CheerPracticePlayer.build/DerivedSources -Xcc -DDEBUG\=1 -emit-objc-header -emit-objc-header-path /Users/ianrichardson/Library/Developer/Xcode/DerivedData/CheerPracticePlayer-gmffchwmywpbcjavdhbisbesxsco/Build/Intermediates.noindex/CheerPracticePlayer.build/Debug-iphonesimulator/CheerPracticePlayer.build/Objects-normal/arm64/CheerPracticePlayer-Swift.h -working-directory /Users/ianrichardson/Projects/CheerPracticePlayer -experimental-emit-module-separately -disable-cmo

SwiftMergeGeneratedHeaders /Users/ianrichardson/Library/Developer/Xcode/DerivedData/CheerPracticePlayer-gmffchwmywpbcjavdhbisbesxsco/Build/Intermediates.noindex/CheerPracticePlayer.build/Debug-iphonesimulator/CheerPracticePlayer.build/DerivedSources/CheerPracticePlayer-Swift.h /Users/ianrichardson/Library/Developer/Xcode/DerivedData/CheerPracticePlayer-gmffchwmywpbcjavdhbisbesxsco/Build/Intermediates.noindex/CheerPracticePlayer.build/Debug-iphonesimulator/CheerPracticePlayer.build/Objects-normal/arm64/CheerPracticePlayer-Swift.h /Users/ianrichardson/Library/Developer/Xcode/DerivedData/CheerPracticePlayer-gmffchwmywpbcjavdhbisbesxsco/Build/Intermediates.noindex/CheerPracticePlayer.build/Debug-iphonesimulator/CheerPracticePlayer.build/Objects-normal/x86_64/CheerPracticePlayer-Swift.h (in target 'CheerPracticePlayer' from project 'CheerPracticePlayer')
    cd /Users/ianrichardson/Projects/CheerPracticePlayer
    builtin-swiftHeaderTool -arch arm64 /Users/ianrichardson/Library/Developer/Xcode/DerivedData/CheerPracticePlayer-gmffchwmywpbcjavdhbisbesxsco/Build/Intermediates.noindex/CheerPracticePlayer.build/Debug-iphonesimulator/CheerPracticePlayer.build/Objects-normal/arm64/CheerPracticePlayer-Swift.h -arch x86_64 /Users/ianrichardson/Library/Developer/Xcode/DerivedData/CheerPracticePlayer-gmffchwmywpbcjavdhbisbesxsco/Build/Intermediates.noindex/CheerPracticePlayer.build/Debug-iphonesimulator/CheerPracticePlayer.build/Objects-normal/x86_64/CheerPracticePlayer-Swift.h -o /Users/ianrichardson/Library/Developer/Xcode/DerivedData/CheerPracticePlayer-gmffchwmywpbcjavdhbisbesxsco/Build/Intermediates.noindex/CheerPracticePlayer.build/Debug-iphonesimulator/CheerPracticePlayer.build/DerivedSources/CheerPracticePlayer-Swift.h

Copy /Users/ianrichardson/Library/Developer/Xcode/DerivedData/CheerPracticePlayer-gmffchwmywpbcjavdhbisbesxsco/Build/Products/Debug-iphonesimulator/CheerPracticePlayer.swiftmodule/arm64-apple-ios-simulator.swiftdoc /Users/ianrichardson/Library/Developer/Xcode/DerivedData/CheerPracticePlayer-gmffchwmywpbcjavdhbisbesxsco/Build/Intermediates.noindex/CheerPracticePlayer.build/Debug-iphonesimulator/CheerPracticePlayer.build/Objects-normal/arm64/CheerPracticePlayer.swiftdoc (in target 'CheerPracticePlayer' from project 'CheerPracticePlayer')
    cd /Users/ianrichardson/Projects/CheerPracticePlayer
    builtin-copy -exclude .DS_Store -exclude CVS -exclude .svn -exclude .git -exclude .hg -resolve-src-symlinks -rename /Users/ianrichardson/Library/Developer/Xcode/DerivedData/CheerPracticePlayer-gmffchwmywpbcjavdhbisbesxsco/Build/Intermediates.noindex/CheerPracticePlayer.build/Debug-iphonesimulator/CheerPracticePlayer.build/Objects-normal/arm64/CheerPracticePlayer.swiftdoc /Users/ianrichardson/Library/Developer/Xcode/DerivedData/CheerPracticePlayer-gmffchwmywpbcjavdhbisbesxsco/Build/Products/Debug-iphonesimulator/CheerPracticePlayer.swiftmodule/arm64-apple-ios-simulator.swiftdoc

Copy /Users/ianrichardson/Library/Developer/Xcode/DerivedData/CheerPracticePlayer-gmffchwmywpbcjavdhbisbesxsco/Build/Products/Debug-iphonesimulator/CheerPracticePlayer.swiftmodule/arm64-apple-ios-simulator.swiftmodule /Users/ianrichardson/Library/Developer/Xcode/DerivedData/CheerPracticePlayer-gmffchwmywpbcjavdhbisbesxsco/Build/Intermediates.noindex/CheerPracticePlayer.build/Debug-iphonesimulator/CheerPracticePlayer.build/Objects-normal/arm64/CheerPracticePlayer.swiftmodule (in target 'CheerPracticePlayer' from project 'CheerPracticePlayer')
    cd /Users/ianrichardson/Projects/CheerPracticePlayer
    builtin-copy -exclude .DS_Store -exclude CVS -exclude .svn -exclude .git -exclude .hg -resolve-src-symlinks -rename /Users/ianrichardson/Library/Developer/Xcode/DerivedData/CheerPracticePlayer-gmffchwmywpbcjavdhbisbesxsco/Build/Intermediates.noindex/CheerPracticePlayer.build/Debug-iphonesimulator/CheerPracticePlayer.build/Objects-normal/arm64/CheerPracticePlayer.swiftmodule /Users/ianrichardson/Library/Developer/Xcode/DerivedData/CheerPracticePlayer-gmffchwmywpbcjavdhbisbesxsco/Build/Products/Debug-iphonesimulator/CheerPracticePlayer.swiftmodule/arm64-apple-ios-simulator.swiftmodule

Copy /Users/ianrichardson/Library/Developer/Xcode/DerivedData/CheerPracticePlayer-gmffchwmywpbcjavdhbisbesxsco/Build/Products/Debug-iphonesimulator/CheerPracticePlayer.swiftmodule/arm64-apple-ios-simulator.abi.json /Users/ianrichardson/Library/Developer/Xcode/DerivedData/CheerPracticePlayer-gmffchwmywpbcjavdhbisbesxsco/Build/Intermediates.noindex/CheerPracticePlayer.build/Debug-iphonesimulator/CheerPracticePlayer.build/Objects-normal/arm64/CheerPracticePlayer.abi.json (in target 'CheerPracticePlayer' from project 'CheerPracticePlayer')
    cd /Users/ianrichardson/Projects/CheerPracticePlayer
    builtin-copy -exclude .DS_Store -exclude CVS -exclude .svn -exclude .git -exclude .hg -resolve-src-symlinks -rename /Users/ianrichardson/Library/Developer/Xcode/DerivedData/CheerPracticePlayer-gmffchwmywpbcjavdhbisbesxsco/Build/Intermediates.noindex/CheerPracticePlayer.build/Debug-iphonesimulator/CheerPracticePlayer.build/Objects-normal/arm64/CheerPracticePlayer.abi.json /Users/ianrichardson/Library/Developer/Xcode/DerivedData/CheerPracticePlayer-gmffchwmywpbcjavdhbisbesxsco/Build/Products/Debug-iphonesimulator/CheerPracticePlayer.swiftmodule/arm64-apple-ios-simulator.abi.json

Copy /Users/ianrichardson/Library/Developer/Xcode/DerivedData/CheerPracticePlayer-gmffchwmywpbcjavdhbisbesxsco/Build/Products/Debug-iphonesimulator/CheerPracticePlayer.swiftmodule/Project/arm64-apple-ios-simulator.swiftsourceinfo /Users/ianrichardson/Library/Developer/Xcode/DerivedData/CheerPracticePlayer-gmffchwmywpbcjavdhbisbesxsco/Build/Intermediates.noindex/CheerPracticePlayer.build/Debug-iphonesimulator/CheerPracticePlayer.build/Objects-normal/arm64/CheerPracticePlayer.swiftsourceinfo (in target 'CheerPracticePlayer' from project 'CheerPracticePlayer')
    cd /Users/ianrichardson/Projects/CheerPracticePlayer
    builtin-copy -exclude .DS_Store -exclude CVS -exclude .svn -exclude .git -exclude .hg -resolve-src-symlinks -rename /Users/ianrichardson/Library/Developer/Xcode/DerivedData/CheerPracticePlayer-gmffchwmywpbcjavdhbisbesxsco/Build/Intermediates.noindex/CheerPracticePlayer.build/Debug-iphonesimulator/CheerPracticePlayer.build/Objects-normal/arm64/CheerPracticePlayer.swiftsourceinfo /Users/ianrichardson/Library/Developer/Xcode/DerivedData/CheerPracticePlayer-gmffchwmywpbcjavdhbisbesxsco/Build/Products/Debug-iphonesimulator/CheerPracticePlayer.swiftmodule/Project/arm64-apple-ios-simulator.swiftsourceinfo

SwiftDriverJobDiscovery normal arm64 Compiling PracticeBlock.swift (in target 'CheerPracticePlayer' from project 'CheerPracticePlayer')

SwiftDriverJobDiscovery normal arm64 Compiling DesignTokens.swift (in target 'CheerPracticePlayer' from project 'CheerPracticePlayer')

SwiftDriverJobDiscovery normal arm64 Compiling MixLibraryStore.swift (in target 'CheerPracticePlayer' from project 'CheerPracticePlayer')

SwiftDriverJobDiscovery normal arm64 Compiling WaveformExtractor.swift (in target 'CheerPracticePlayer' from project 'CheerPracticePlayer')

SwiftDriverJobDiscovery normal x86_64 Compiling HomeView.swift (in target 'CheerPracticePlayer' from project 'CheerPracticePlayer')

SwiftDriverJobDiscovery normal arm64 Compiling ImportedMix.swift (in target 'CheerPracticePlayer' from project 'CheerPracticePlayer')

SwiftDriverJobDiscovery normal arm64 Compiling MixImportService.swift (in target 'CheerPracticePlayer' from project 'CheerPracticePlayer')

SwiftDriverJobDiscovery normal arm64 Compiling SessionRunnerState.swift (in target 'CheerPracticePlayer' from project 'CheerPracticePlayer')

SwiftDriverJobDiscovery normal arm64 Compiling RootTabView.swift (in target 'CheerPracticePlayer' from project 'CheerPracticePlayer')

SwiftDriverJobDiscovery normal arm64 Compiling LiveSessionController.swift (in target 'CheerPracticePlayer' from project 'CheerPracticePlayer')

SwiftDriverJobDiscovery normal x86_64 Compiling LiveRunView.swift (in target 'CheerPracticePlayer' from project 'CheerPracticePlayer')

SwiftDriverJobDiscovery normal arm64 Compiling HomeView.swift (in target 'CheerPracticePlayer' from project 'CheerPracticePlayer')

SwiftDriverJobDiscovery normal arm64 Compiling LiveRunView.swift (in target 'CheerPracticePlayer' from project 'CheerPracticePlayer')

SwiftDriverJobDiscovery normal x86_64 Compiling PracticeBuilderView.swift (in target 'CheerPracticePlayer' from project 'CheerPracticePlayer')

SwiftDriver\ Compilation CheerPracticePlayer normal x86_64 com.apple.xcode.tools.swift.compiler (in target 'CheerPracticePlayer' from project 'CheerPracticePlayer')
    cd /Users/ianrichardson/Projects/CheerPracticePlayer
    builtin-Swift-Compilation -- /Applications/Xcode.app/Contents/Developer/Toolchains/XcodeDefault.xctoolchain/usr/bin/swiftc -module-name CheerPracticePlayer -Onone @/Users/ianrichardson/Library/Developer/Xcode/DerivedData/CheerPracticePlayer-gmffchwmywpbcjavdhbisbesxsco/Build/Intermediates.noindex/CheerPracticePlayer.build/Debug-iphonesimulator/CheerPracticePlayer.build/Objects-normal/x86_64/CheerPracticePlayer.SwiftFileList -DDEBUG -enable-bare-slash-regex -enable-experimental-feature DebugDescriptionMacro -sdk /Applications/Xcode.app/Contents/Developer/Platforms/iPhoneSimulator.platform/Developer/SDKs/iPhoneSimulator26.4.sdk -target x86_64-apple-ios18.0-simulator -g -module-cache-path /Users/ianrichardson/Library/Developer/Xcode/DerivedData/ModuleCache.noindex -Xfrontend -serialize-debugging-options -enable-testing -index-store-path /Users/ianrichardson/Library/Developer/Xcode/DerivedData/CheerPracticePlayer-gmffchwmywpbcjavdhbisbesxsco/Index.noindex/DataStore -Xcc -D_LIBCPP_HARDENING_MODE\=_LIBCPP_HARDENING_MODE_DEBUG -swift-version 5 -I /Users/ianrichardson/Library/Developer/Xcode/DerivedData/CheerPracticePlayer-gmffchwmywpbcjavdhbisbesxsco/Build/Products/Debug-iphonesimulator -F /Users/ianrichardson/Library/Developer/Xcode/DerivedData/CheerPracticePlayer-gmffchwmywpbcjavdhbisbesxsco/Build/Products/Debug-iphonesimulator -c -j24 -enable-batch-mode -incremental -Xcc -ivfsstatcache -Xcc /Users/ianrichardson/Library/Developer/Xcode/DerivedData/SDKStatCaches.noindex/iphonesimulator26.4-23E237-688ef53f1462e2c8f657fdc38a81448f686eebb5dc1d8ecb277353a59184f4aa.sdkstatcache -output-file-map /Users/ianrichardson/Library/Developer/Xcode/DerivedData/CheerPracticePlayer-gmffchwmywpbcjavdhbisbesxsco/Build/Intermediates.noindex/CheerPracticePlayer.build/Debug-iphonesimulator/CheerPracticePlayer.build/Objects-normal/x86_64/CheerPracticePlayer-OutputFileMap.json -use-frontend-parseable-output -save-temps -no-color-diagnostics -explicit-module-build -module-cache-path /Users/ianrichardson/Library/Developer/Xcode/DerivedData/CheerPracticePlayer-gmffchwmywpbcjavdhbisbesxsco/Build/Intermediates.noindex/SwiftExplicitPrecompiledModules -clang-scanner-module-cache-path /Users/ianrichardson/Library/Developer/Xcode/DerivedData/ModuleCache.noindex -sdk-module-cache-path /Users/ianrichardson/Library/Developer/Xcode/DerivedData/ModuleCache.noindex -serialize-diagnostics -emit-dependencies -emit-module -emit-module-path /Users/ianrichardson/Library/Developer/Xcode/DerivedData/CheerPracticePlayer-gmffchwmywpbcjavdhbisbesxsco/Build/Intermediates.noindex/CheerPracticePlayer.build/Debug-iphonesimulator/CheerPracticePlayer.build/Objects-normal/x86_64/CheerPracticePlayer.swiftmodule -validate-clang-modules-once -clang-build-session-file /Users/ianrichardson/Library/Developer/Xcode/DerivedData/ModuleCache.noindex/Session.modulevalidation -Xcc -I/Users/ianrichardson/Library/Developer/Xcode/DerivedData/CheerPracticePlayer-gmffchwmywpbcjavdhbisbesxsco/Build/Intermediates.noindex/CheerPracticePlayer.build/Debug-iphonesimulator/CheerPracticePlayer.build/swift-overrides.hmap -emit-const-values -Xfrontend -const-gather-protocols-file -Xfrontend /Users/ianrichardson/Library/Developer/Xcode/DerivedData/CheerPracticePlayer-gmffchwmywpbcjavdhbisbesxsco/Build/Intermediates.noindex/CheerPracticePlayer.build/Debug-iphonesimulator/CheerPracticePlayer.build/Objects-normal/x86_64/CheerPracticePlayer_const_extract_protocols.json -Xcc -iquote -Xcc /Users/ianrichardson/Library/Developer/Xcode/DerivedData/CheerPracticePlayer-gmffchwmywpbcjavdhbisbesxsco/Build/Intermediates.noindex/CheerPracticePlayer.build/Debug-iphonesimulator/CheerPracticePlayer.build/CheerPracticePlayer-generated-files.hmap -Xcc -I/Users/ianrichardson/Library/Developer/Xcode/DerivedData/CheerPracticePlayer-gmffchwmywpbcjavdhbisbesxsco/Build/Intermediates.noindex/CheerPracticePlayer.build/Debug-iphonesimulator/CheerPracticePlayer.build/CheerPracticePlayer-own-target-headers.hmap -Xcc -I/Users/ianrichardson/Library/Developer/Xcode/DerivedData/CheerPracticePlayer-gmffchwmywpbcjavdhbisbesxsco/Build/Intermediates.noindex/CheerPracticePlayer.build/Debug-iphonesimulator/CheerPracticePlayer.build/CheerPracticePlayer-all-target-headers.hmap -Xcc -iquote -Xcc /Users/ianrichardson/Library/Developer/Xcode/DerivedData/CheerPracticePlayer-gmffchwmywpbcjavdhbisbesxsco/Build/Intermediates.noindex/CheerPracticePlayer.build/Debug-iphonesimulator/CheerPracticePlayer.build/CheerPracticePlayer-project-headers.hmap -Xcc -I/Users/ianrichardson/Library/Developer/Xcode/DerivedData/CheerPracticePlayer-gmffchwmywpbcjavdhbisbesxsco/Build/Products/Debug-iphonesimulator/include -Xcc -I/Users/ianrichardson/Library/Developer/Xcode/DerivedData/CheerPracticePlayer-gmffchwmywpbcjavdhbisbesxsco/Build/Intermediates.noindex/CheerPracticePlayer.build/Debug-iphonesimulator/CheerPracticePlayer.build/DerivedSources-normal/x86_64 -Xcc -I/Users/ianrichardson/Library/Developer/Xcode/DerivedData/CheerPracticePlayer-gmffchwmywpbcjavdhbisbesxsco/Build/Intermediates.noindex/CheerPracticePlayer.build/Debug-iphonesimulator/CheerPracticePlayer.build/DerivedSources/x86_64 -Xcc -I/Users/ianrichardson/Library/Developer/Xcode/DerivedData/CheerPracticePlayer-gmffchwmywpbcjavdhbisbesxsco/Build/Intermediates.noindex/CheerPracticePlayer.build/Debug-iphonesimulator/CheerPracticePlayer.build/DerivedSources -Xcc -DDEBUG\=1 -emit-objc-header -emit-objc-header-path /Users/ianrichardson/Library/Developer/Xcode/DerivedData/CheerPracticePlayer-gmffchwmywpbcjavdhbisbesxsco/Build/Intermediates.noindex/CheerPracticePlayer.build/Debug-iphonesimulator/CheerPracticePlayer.build/Objects-normal/x86_64/CheerPracticePlayer-Swift.h -working-directory /Users/ianrichardson/Projects/CheerPracticePlayer -experimental-emit-module-separately -disable-cmo

Ld /Users/ianrichardson/Library/Developer/Xcode/DerivedData/CheerPracticePlayer-gmffchwmywpbcjavdhbisbesxsco/Build/Intermediates.noindex/CheerPracticePlayer.build/Debug-iphonesimulator/CheerPracticePlayer.build/Objects-normal/x86_64/Binary/CheerPracticePlayer.debug.dylib normal x86_64 (in target 'CheerPracticePlayer' from project 'CheerPracticePlayer')
    cd /Users/ianrichardson/Projects/CheerPracticePlayer
    /Applications/Xcode.app/Contents/Developer/Toolchains/XcodeDefault.xctoolchain/usr/bin/clang -Xlinker -reproducible -target x86_64-apple-ios18.0-simulator -dynamiclib -isysroot /Applications/Xcode.app/Contents/Developer/Platforms/iPhoneSimulator.platform/Developer/SDKs/iPhoneSimulator26.4.sdk -O0 -L/Users/ianrichardson/Library/Developer/Xcode/DerivedData/CheerPracticePlayer-gmffchwmywpbcjavdhbisbesxsco/Build/Intermediates.noindex/EagerLinkingTBDs/Debug-iphonesimulator -L/Users/ianrichardson/Library/Developer/Xcode/DerivedData/CheerPracticePlayer-gmffchwmywpbcjavdhbisbesxsco/Build/Products/Debug-iphonesimulator -F/Users/ianrichardson/Library/Developer/Xcode/DerivedData/CheerPracticePlayer-gmffchwmywpbcjavdhbisbesxsco/Build/Intermediates.noindex/EagerLinkingTBDs/Debug-iphonesimulator -F/Users/ianrichardson/Library/Developer/Xcode/DerivedData/CheerPracticePlayer-gmffchwmywpbcjavdhbisbesxsco/Build/Products/Debug-iphonesimulator -filelist /Users/ianrichardson/Library/Developer/Xcode/DerivedData/CheerPracticePlayer-gmffchwmywpbcjavdhbisbesxsco/Build/Intermediates.noindex/CheerPracticePlayer.build/Debug-iphonesimulator/CheerPracticePlayer.build/Objects-normal/x86_64/CheerPracticePlayer.LinkFileList -install_name @rpath/CheerPracticePlayer.debug.dylib -Xlinker -rpath -Xlinker /usr/lib/swift -Xlinker -rpath -Xlinker @executable_path/Frameworks -Xlinker -dead_strip -Xlinker -object_path_lto -Xlinker /Users/ianrichardson/Library/Developer/Xcode/DerivedData/CheerPracticePlayer-gmffchwmywpbcjavdhbisbesxsco/Build/Intermediates.noindex/CheerPracticePlayer.build/Debug-iphonesimulator/CheerPracticePlayer.build/Objects-normal/x86_64/CheerPracticePlayer_lto.o -rdynamic -Xlinker -no_deduplicate -Xlinker -objc_abi_version -Xlinker 2 -Xlinker -dependency_info -Xlinker /Users/ianrichardson/Library/Developer/Xcode/DerivedData/CheerPracticePlayer-gmffchwmywpbcjavdhbisbesxsco/Build/Intermediates.noindex/CheerPracticePlayer.build/Debug-iphonesimulator/CheerPracticePlayer.build/Objects-normal/x86_64/CheerPracticePlayer_dependency_info.dat -fobjc-link-runtime -L/Applications/Xcode.app/Contents/Developer/Toolchains/XcodeDefault.xctoolchain/usr/lib/swift/iphonesimulator -L/usr/lib/swift -Xlinker -add_ast_path -Xlinker /Users/ianrichardson/Library/Developer/Xcode/DerivedData/CheerPracticePlayer-gmffchwmywpbcjavdhbisbesxsco/Build/Intermediates.noindex/CheerPracticePlayer.build/Debug-iphonesimulator/CheerPracticePlayer.build/Objects-normal/x86_64/CheerPracticePlayer.swiftmodule @/Users/ianrichardson/Library/Developer/Xcode/DerivedData/CheerPracticePlayer-gmffchwmywpbcjavdhbisbesxsco/Build/Intermediates.noindex/CheerPracticePlayer.build/Debug-iphonesimulator/CheerPracticePlayer.build/Objects-normal/x86_64/CheerPracticePlayer-linker-args.resp -Xlinker -alias -Xlinker _main -Xlinker ___debug_main_executable_dylib_entry_point -Xlinker -no_adhoc_codesign -o /Users/ianrichardson/Library/Developer/Xcode/DerivedData/CheerPracticePlayer-gmffchwmywpbcjavdhbisbesxsco/Build/Intermediates.noindex/CheerPracticePlayer.build/Debug-iphonesimulator/CheerPracticePlayer.build/Objects-normal/x86_64/Binary/CheerPracticePlayer.debug.dylib

SwiftDriverJobDiscovery normal arm64 Compiling PracticeBuilderView.swift (in target 'CheerPracticePlayer' from project 'CheerPracticePlayer')

SwiftDriver\ Compilation CheerPracticePlayer normal arm64 com.apple.xcode.tools.swift.compiler (in target 'CheerPracticePlayer' from project 'CheerPracticePlayer')
    cd /Users/ianrichardson/Projects/CheerPracticePlayer
    builtin-Swift-Compilation -- /Applications/Xcode.app/Contents/Developer/Toolchains/XcodeDefault.xctoolchain/usr/bin/swiftc -module-name CheerPracticePlayer -Onone @/Users/ianrichardson/Library/Developer/Xcode/DerivedData/CheerPracticePlayer-gmffchwmywpbcjavdhbisbesxsco/Build/Intermediates.noindex/CheerPracticePlayer.build/Debug-iphonesimulator/CheerPracticePlayer.build/Objects-normal/arm64/CheerPracticePlayer.SwiftFileList -DDEBUG -enable-bare-slash-regex -enable-experimental-feature DebugDescriptionMacro -sdk /Applications/Xcode.app/Contents/Developer/Platforms/iPhoneSimulator.platform/Developer/SDKs/iPhoneSimulator26.4.sdk -target arm64-apple-ios18.0-simulator -g -module-cache-path /Users/ianrichardson/Library/Developer/Xcode/DerivedData/ModuleCache.noindex -Xfrontend -serialize-debugging-options -enable-testing -index-store-path /Users/ianrichardson/Library/Developer/Xcode/DerivedData/CheerPracticePlayer-gmffchwmywpbcjavdhbisbesxsco/Index.noindex/DataStore -Xcc -D_LIBCPP_HARDENING_MODE\=_LIBCPP_HARDENING_MODE_DEBUG -swift-version 5 -I /Users/ianrichardson/Library/Developer/Xcode/DerivedData/CheerPracticePlayer-gmffchwmywpbcjavdhbisbesxsco/Build/Products/Debug-iphonesimulator -F /Users/ianrichardson/Library/Developer/Xcode/DerivedData/CheerPracticePlayer-gmffchwmywpbcjavdhbisbesxsco/Build/Products/Debug-iphonesimulator -c -j24 -enable-batch-mode -incremental -Xcc -ivfsstatcache -Xcc /Users/ianrichardson/Library/Developer/Xcode/DerivedData/SDKStatCaches.noindex/iphonesimulator26.4-23E237-688ef53f1462e2c8f657fdc38a81448f686eebb5dc1d8ecb277353a59184f4aa.sdkstatcache -output-file-map /Users/ianrichardson/Library/Developer/Xcode/DerivedData/CheerPracticePlayer-gmffchwmywpbcjavdhbisbesxsco/Build/Intermediates.noindex/CheerPracticePlayer.build/Debug-iphonesimulator/CheerPracticePlayer.build/Objects-normal/arm64/CheerPracticePlayer-OutputFileMap.json -use-frontend-parseable-output -save-temps -no-color-diagnostics -explicit-module-build -module-cache-path /Users/ianrichardson/Library/Developer/Xcode/DerivedData/CheerPracticePlayer-gmffchwmywpbcjavdhbisbesxsco/Build/Intermediates.noindex/SwiftExplicitPrecompiledModules -clang-scanner-module-cache-path /Users/ianrichardson/Library/Developer/Xcode/DerivedData/ModuleCache.noindex -sdk-module-cache-path /Users/ianrichardson/Library/Developer/Xcode/DerivedData/ModuleCache.noindex -serialize-diagnostics -emit-dependencies -emit-module -emit-module-path /Users/ianrichardson/Library/Developer/Xcode/DerivedData/CheerPracticePlayer-gmffchwmywpbcjavdhbisbesxsco/Build/Intermediates.noindex/CheerPracticePlayer.build/Debug-iphonesimulator/CheerPracticePlayer.build/Objects-normal/arm64/CheerPracticePlayer.swiftmodule -validate-clang-modules-once -clang-build-session-file /Users/ianrichardson/Library/Developer/Xcode/DerivedData/ModuleCache.noindex/Session.modulevalidation -Xcc -I/Users/ianrichardson/Library/Developer/Xcode/DerivedData/CheerPracticePlayer-gmffchwmywpbcjavdhbisbesxsco/Build/Intermediates.noindex/CheerPracticePlayer.build/Debug-iphonesimulator/CheerPracticePlayer.build/swift-overrides.hmap -emit-const-values -Xfrontend -const-gather-protocols-file -Xfrontend /Users/ianrichardson/Library/Developer/Xcode/DerivedData/CheerPracticePlayer-gmffchwmywpbcjavdhbisbesxsco/Build/Intermediates.noindex/CheerPracticePlayer.build/Debug-iphonesimulator/CheerPracticePlayer.build/Objects-normal/arm64/CheerPracticePlayer_const_extract_protocols.json -Xcc -iquote -Xcc /Users/ianrichardson/Library/Developer/Xcode/DerivedData/CheerPracticePlayer-gmffchwmywpbcjavdhbisbesxsco/Build/Intermediates.noindex/CheerPracticePlayer.build/Debug-iphonesimulator/CheerPracticePlayer.build/CheerPracticePlayer-generated-files.hmap -Xcc -I/Users/ianrichardson/Library/Developer/Xcode/DerivedData/CheerPracticePlayer-gmffchwmywpbcjavdhbisbesxsco/Build/Intermediates.noindex/CheerPracticePlayer.build/Debug-iphonesimulator/CheerPracticePlayer.build/CheerPracticePlayer-own-target-headers.hmap -Xcc -I/Users/ianrichardson/Library/Developer/Xcode/DerivedData/CheerPracticePlayer-gmffchwmywpbcjavdhbisbesxsco/Build/Intermediates.noindex/CheerPracticePlayer.build/Debug-iphonesimulator/CheerPracticePlayer.build/CheerPracticePlayer-all-target-headers.hmap -Xcc -iquote -Xcc /Users/ianrichardson/Library/Developer/Xcode/DerivedData/CheerPracticePlayer-gmffchwmywpbcjavdhbisbesxsco/Build/Intermediates.noindex/CheerPracticePlayer.build/Debug-iphonesimulator/CheerPracticePlayer.build/CheerPracticePlayer-project-headers.hmap -Xcc -I/Users/ianrichardson/Library/Developer/Xcode/DerivedData/CheerPracticePlayer-gmffchwmywpbcjavdhbisbesxsco/Build/Products/Debug-iphonesimulator/include -Xcc -I/Users/ianrichardson/Library/Developer/Xcode/DerivedData/CheerPracticePlayer-gmffchwmywpbcjavdhbisbesxsco/Build/Intermediates.noindex/CheerPracticePlayer.build/Debug-iphonesimulator/CheerPracticePlayer.build/DerivedSources-normal/arm64 -Xcc -I/Users/ianrichardson/Library/Developer/Xcode/DerivedData/CheerPracticePlayer-gmffchwmywpbcjavdhbisbesxsco/Build/Intermediates.noindex/CheerPracticePlayer.build/Debug-iphonesimulator/CheerPracticePlayer.build/DerivedSources/arm64 -Xcc -I/Users/ianrichardson/Library/Developer/Xcode/DerivedData/CheerPracticePlayer-gmffchwmywpbcjavdhbisbesxsco/Build/Intermediates.noindex/CheerPracticePlayer.build/Debug-iphonesimulator/CheerPracticePlayer.build/DerivedSources -Xcc -DDEBUG\=1 -emit-objc-header -emit-objc-header-path /Users/ianrichardson/Library/Developer/Xcode/DerivedData/CheerPracticePlayer-gmffchwmywpbcjavdhbisbesxsco/Build/Intermediates.noindex/CheerPracticePlayer.build/Debug-iphonesimulator/CheerPracticePlayer.build/Objects-normal/arm64/CheerPracticePlayer-Swift.h -working-directory /Users/ianrichardson/Projects/CheerPracticePlayer -experimental-emit-module-separately -disable-cmo

Ld /Users/ianrichardson/Library/Developer/Xcode/DerivedData/CheerPracticePlayer-gmffchwmywpbcjavdhbisbesxsco/Build/Intermediates.noindex/CheerPracticePlayer.build/Debug-iphonesimulator/CheerPracticePlayer.build/Objects-normal/arm64/Binary/CheerPracticePlayer.debug.dylib normal arm64 (in target 'CheerPracticePlayer' from project 'CheerPracticePlayer')
    cd /Users/ianrichardson/Projects/CheerPracticePlayer
    /Applications/Xcode.app/Contents/Developer/Toolchains/XcodeDefault.xctoolchain/usr/bin/clang -Xlinker -reproducible -target arm64-apple-ios18.0-simulator -dynamiclib -isysroot /Applications/Xcode.app/Contents/Developer/Platforms/iPhoneSimulator.platform/Developer/SDKs/iPhoneSimulator26.4.sdk -O0 -L/Users/ianrichardson/Library/Developer/Xcode/DerivedData/CheerPracticePlayer-gmffchwmywpbcjavdhbisbesxsco/Build/Intermediates.noindex/EagerLinkingTBDs/Debug-iphonesimulator -L/Users/ianrichardson/Library/Developer/Xcode/DerivedData/CheerPracticePlayer-gmffchwmywpbcjavdhbisbesxsco/Build/Products/Debug-iphonesimulator -F/Users/ianrichardson/Library/Developer/Xcode/DerivedData/CheerPracticePlayer-gmffchwmywpbcjavdhbisbesxsco/Build/Intermediates.noindex/EagerLinkingTBDs/Debug-iphonesimulator -F/Users/ianrichardson/Library/Developer/Xcode/DerivedData/CheerPracticePlayer-gmffchwmywpbcjavdhbisbesxsco/Build/Products/Debug-iphonesimulator -filelist /Users/ianrichardson/Library/Developer/Xcode/DerivedData/CheerPracticePlayer-gmffchwmywpbcjavdhbisbesxsco/Build/Intermediates.noindex/CheerPracticePlayer.build/Debug-iphonesimulator/CheerPracticePlayer.build/Objects-normal/arm64/CheerPracticePlayer.LinkFileList -install_name @rpath/CheerPracticePlayer.debug.dylib -Xlinker -rpath -Xlinker /usr/lib/swift -Xlinker -rpath -Xlinker @executable_path/Frameworks -Xlinker -dead_strip -Xlinker -object_path_lto -Xlinker /Users/ianrichardson/Library/Developer/Xcode/DerivedData/CheerPracticePlayer-gmffchwmywpbcjavdhbisbesxsco/Build/Intermediates.noindex/CheerPracticePlayer.build/Debug-iphonesimulator/CheerPracticePlayer.build/Objects-normal/arm64/CheerPracticePlayer_lto.o -rdynamic -Xlinker -no_deduplicate -Xlinker -objc_abi_version -Xlinker 2 -Xlinker -dependency_info -Xlinker /Users/ianrichardson/Library/Developer/Xcode/DerivedData/CheerPracticePlayer-gmffchwmywpbcjavdhbisbesxsco/Build/Intermediates.noindex/CheerPracticePlayer.build/Debug-iphonesimulator/CheerPracticePlayer.build/Objects-normal/arm64/CheerPracticePlayer_dependency_info.dat -fobjc-link-runtime -L/Applications/Xcode.app/Contents/Developer/Toolchains/XcodeDefault.xctoolchain/usr/lib/swift/iphonesimulator -L/usr/lib/swift -Xlinker -add_ast_path -Xlinker /Users/ianrichardson/Library/Developer/Xcode/DerivedData/CheerPracticePlayer-gmffchwmywpbcjavdhbisbesxsco/Build/Intermediates.noindex/CheerPracticePlayer.build/Debug-iphonesimulator/CheerPracticePlayer.build/Objects-normal/arm64/CheerPracticePlayer.swiftmodule @/Users/ianrichardson/Library/Developer/Xcode/DerivedData/CheerPracticePlayer-gmffchwmywpbcjavdhbisbesxsco/Build/Intermediates.noindex/CheerPracticePlayer.build/Debug-iphonesimulator/CheerPracticePlayer.build/Objects-normal/arm64/CheerPracticePlayer-linker-args.resp -Xlinker -alias -Xlinker _main -Xlinker ___debug_main_executable_dylib_entry_point -Xlinker -no_adhoc_codesign -o /Users/ianrichardson/Library/Developer/Xcode/DerivedData/CheerPracticePlayer-gmffchwmywpbcjavdhbisbesxsco/Build/Intermediates.noindex/CheerPracticePlayer.build/Debug-iphonesimulator/CheerPracticePlayer.build/Objects-normal/arm64/Binary/CheerPracticePlayer.debug.dylib

ConstructStubExecutorLinkFileList /Users/ianrichardson/Library/Developer/Xcode/DerivedData/CheerPracticePlayer-gmffchwmywpbcjavdhbisbesxsco/Build/Intermediates.noindex/CheerPracticePlayer.build/Debug-iphonesimulator/CheerPracticePlayer.build/CheerPracticePlayer-ExecutorLinkFileList-normal-x86_64.txt (in target 'CheerPracticePlayer' from project 'CheerPracticePlayer')
    cd /Users/ianrichardson/Projects/CheerPracticePlayer
    construct-stub-executor-link-file-list /Users/ianrichardson/Library/Developer/Xcode/DerivedData/CheerPracticePlayer-gmffchwmywpbcjavdhbisbesxsco/Build/Intermediates.noindex/CheerPracticePlayer.build/Debug-iphonesimulator/CheerPracticePlayer.build/Objects-normal/x86_64/Binary/CheerPracticePlayer.debug.dylib /Applications/Xcode.app/Contents/Developer/Platforms/iPhoneSimulator.platform/Developer/usr/lib/libPreviewsJITStubExecutor_no_swift_entry_point.a /Applications/Xcode.app/Contents/Developer/Platforms/iPhoneSimulator.platform/Developer/usr/lib/libPreviewsJITStubExecutor.a --output /Users/ianrichardson/Library/Developer/Xcode/DerivedData/CheerPracticePlayer-gmffchwmywpbcjavdhbisbesxsco/Build/Intermediates.noindex/CheerPracticePlayer.build/Debug-iphonesimulator/CheerPracticePlayer.build/CheerPracticePlayer-ExecutorLinkFileList-normal-x86_64.txt
note: Using stub executor library with Swift entry point. (in target 'CheerPracticePlayer' from project 'CheerPracticePlayer')

Ld /Users/ianrichardson/Library/Developer/Xcode/DerivedData/CheerPracticePlayer-gmffchwmywpbcjavdhbisbesxsco/Build/Intermediates.noindex/CheerPracticePlayer.build/Debug-iphonesimulator/CheerPracticePlayer.build/Objects-normal/x86_64/Binary/CheerPracticePlayer normal x86_64 (in target 'CheerPracticePlayer' from project 'CheerPracticePlayer')
    cd /Users/ianrichardson/Projects/CheerPracticePlayer
    /Applications/Xcode.app/Contents/Developer/Toolchains/XcodeDefault.xctoolchain/usr/bin/clang -Xlinker -reproducible -target x86_64-apple-ios18.0-simulator -isysroot /Applications/Xcode.app/Contents/Developer/Platforms/iPhoneSimulator.platform/Developer/SDKs/iPhoneSimulator26.4.sdk -O0 -L/Users/ianrichardson/Library/Developer/Xcode/DerivedData/CheerPracticePlayer-gmffchwmywpbcjavdhbisbesxsco/Build/Products/Debug-iphonesimulator -F/Users/ianrichardson/Library/Developer/Xcode/DerivedData/CheerPracticePlayer-gmffchwmywpbcjavdhbisbesxsco/Build/Products/Debug-iphonesimulator -Xlinker -rpath -Xlinker @executable_path -Xlinker -rpath -Xlinker @executable_path/Frameworks -rdynamic -Xlinker -no_deduplicate -Xlinker -objc_abi_version -Xlinker 2 -e ___debug_blank_executor_main -Xlinker -sectcreate -Xlinker __TEXT -Xlinker __debug_dylib -Xlinker /Users/ianrichardson/Library/Developer/Xcode/DerivedData/CheerPracticePlayer-gmffchwmywpbcjavdhbisbesxsco/Build/Intermediates.noindex/CheerPracticePlayer.build/Debug-iphonesimulator/CheerPracticePlayer.build/CheerPracticePlayer-DebugDylibPath-normal-x86_64.txt -Xlinker -sectcreate -Xlinker __TEXT -Xlinker __debug_instlnm -Xlinker /Users/ianrichardson/Library/Developer/Xcode/DerivedData/CheerPracticePlayer-gmffchwmywpbcjavdhbisbesxsco/Build/Intermediates.noindex/CheerPracticePlayer.build/Debug-iphonesimulator/CheerPracticePlayer.build/CheerPracticePlayer-DebugDylibInstallName-normal-x86_64.txt -Xlinker -filelist -Xlinker /Users/ianrichardson/Library/Developer/Xcode/DerivedData/CheerPracticePlayer-gmffchwmywpbcjavdhbisbesxsco/Build/Intermediates.noindex/CheerPracticePlayer.build/Debug-iphonesimulator/CheerPracticePlayer.build/CheerPracticePlayer-ExecutorLinkFileList-normal-x86_64.txt -Xlinker -sectcreate -Xlinker __TEXT -Xlinker __entitlements -Xlinker /Users/ianrichardson/Library/Developer/Xcode/DerivedData/CheerPracticePlayer-gmffchwmywpbcjavdhbisbesxsco/Build/Intermediates.noindex/CheerPracticePlayer.build/Debug-iphonesimulator/CheerPracticePlayer.build/CheerPracticePlayer.app-Simulated.xcent -Xlinker -sectcreate -Xlinker __TEXT -Xlinker __ents_der -Xlinker /Users/ianrichardson/Library/Developer/Xcode/DerivedData/CheerPracticePlayer-gmffchwmywpbcjavdhbisbesxsco/Build/Intermediates.noindex/CheerPracticePlayer.build/Debug-iphonesimulator/CheerPracticePlayer.build/CheerPracticePlayer.app-Simulated.xcent.der /Users/ianrichardson/Library/Developer/Xcode/DerivedData/CheerPracticePlayer-gmffchwmywpbcjavdhbisbesxsco/Build/Intermediates.noindex/CheerPracticePlayer.build/Debug-iphonesimulator/CheerPracticePlayer.build/Objects-normal/x86_64/Binary/CheerPracticePlayer.debug.dylib -Xlinker -no_adhoc_codesign -o /Users/ianrichardson/Library/Developer/Xcode/DerivedData/CheerPracticePlayer-gmffchwmywpbcjavdhbisbesxsco/Build/Intermediates.noindex/CheerPracticePlayer.build/Debug-iphonesimulator/CheerPracticePlayer.build/Objects-normal/x86_64/Binary/CheerPracticePlayer

CreateUniversalBinary /Users/ianrichardson/Library/Developer/Xcode/DerivedData/CheerPracticePlayer-gmffchwmywpbcjavdhbisbesxsco/Build/Products/Debug-iphonesimulator/CheerPracticePlayer.app/CheerPracticePlayer.debug.dylib normal arm64\ x86_64 (in target 'CheerPracticePlayer' from project 'CheerPracticePlayer')
    cd /Users/ianrichardson/Projects/CheerPracticePlayer
    /Applications/Xcode.app/Contents/Developer/Toolchains/XcodeDefault.xctoolchain/usr/bin/lipo -create /Users/ianrichardson/Library/Developer/Xcode/DerivedData/CheerPracticePlayer-gmffchwmywpbcjavdhbisbesxsco/Build/Intermediates.noindex/CheerPracticePlayer.build/Debug-iphonesimulator/CheerPracticePlayer.build/Objects-normal/arm64/Binary/CheerPracticePlayer.debug.dylib /Users/ianrichardson/Library/Developer/Xcode/DerivedData/CheerPracticePlayer-gmffchwmywpbcjavdhbisbesxsco/Build/Intermediates.noindex/CheerPracticePlayer.build/Debug-iphonesimulator/CheerPracticePlayer.build/Objects-normal/x86_64/Binary/CheerPracticePlayer.debug.dylib -output /Users/ianrichardson/Library/Developer/Xcode/DerivedData/CheerPracticePlayer-gmffchwmywpbcjavdhbisbesxsco/Build/Products/Debug-iphonesimulator/CheerPracticePlayer.app/CheerPracticePlayer.debug.dylib

ConstructStubExecutorLinkFileList /Users/ianrichardson/Library/Developer/Xcode/DerivedData/CheerPracticePlayer-gmffchwmywpbcjavdhbisbesxsco/Build/Intermediates.noindex/CheerPracticePlayer.build/Debug-iphonesimulator/CheerPracticePlayer.build/CheerPracticePlayer-ExecutorLinkFileList-normal-arm64.txt (in target 'CheerPracticePlayer' from project 'CheerPracticePlayer')
    cd /Users/ianrichardson/Projects/CheerPracticePlayer
    construct-stub-executor-link-file-list /Users/ianrichardson/Library/Developer/Xcode/DerivedData/CheerPracticePlayer-gmffchwmywpbcjavdhbisbesxsco/Build/Intermediates.noindex/CheerPracticePlayer.build/Debug-iphonesimulator/CheerPracticePlayer.build/Objects-normal/arm64/Binary/CheerPracticePlayer.debug.dylib /Applications/Xcode.app/Contents/Developer/Platforms/iPhoneSimulator.platform/Developer/usr/lib/libPreviewsJITStubExecutor_no_swift_entry_point.a /Applications/Xcode.app/Contents/Developer/Platforms/iPhoneSimulator.platform/Developer/usr/lib/libPreviewsJITStubExecutor.a --output /Users/ianrichardson/Library/Developer/Xcode/DerivedData/CheerPracticePlayer-gmffchwmywpbcjavdhbisbesxsco/Build/Intermediates.noindex/CheerPracticePlayer.build/Debug-iphonesimulator/CheerPracticePlayer.build/CheerPracticePlayer-ExecutorLinkFileList-normal-arm64.txt
note: Using stub executor library with Swift entry point. (in target 'CheerPracticePlayer' from project 'CheerPracticePlayer')

Ld /Users/ianrichardson/Library/Developer/Xcode/DerivedData/CheerPracticePlayer-gmffchwmywpbcjavdhbisbesxsco/Build/Intermediates.noindex/CheerPracticePlayer.build/Debug-iphonesimulator/CheerPracticePlayer.build/Objects-normal/arm64/Binary/CheerPracticePlayer normal arm64 (in target 'CheerPracticePlayer' from project 'CheerPracticePlayer')
    cd /Users/ianrichardson/Projects/CheerPracticePlayer
    /Applications/Xcode.app/Contents/Developer/Toolchains/XcodeDefault.xctoolchain/usr/bin/clang -Xlinker -reproducible -target arm64-apple-ios18.0-simulator -isysroot /Applications/Xcode.app/Contents/Developer/Platforms/iPhoneSimulator.platform/Developer/SDKs/iPhoneSimulator26.4.sdk -O0 -L/Users/ianrichardson/Library/Developer/Xcode/DerivedData/CheerPracticePlayer-gmffchwmywpbcjavdhbisbesxsco/Build/Products/Debug-iphonesimulator -F/Users/ianrichardson/Library/Developer/Xcode/DerivedData/CheerPracticePlayer-gmffchwmywpbcjavdhbisbesxsco/Build/Products/Debug-iphonesimulator -Xlinker -rpath -Xlinker @executable_path -Xlinker -rpath -Xlinker @executable_path/Frameworks -rdynamic -Xlinker -no_deduplicate -Xlinker -objc_abi_version -Xlinker 2 -e ___debug_blank_executor_main -Xlinker -sectcreate -Xlinker __TEXT -Xlinker __debug_dylib -Xlinker /Users/ianrichardson/Library/Developer/Xcode/DerivedData/CheerPracticePlayer-gmffchwmywpbcjavdhbisbesxsco/Build/Intermediates.noindex/CheerPracticePlayer.build/Debug-iphonesimulator/CheerPracticePlayer.build/CheerPracticePlayer-DebugDylibPath-normal-arm64.txt -Xlinker -sectcreate -Xlinker __TEXT -Xlinker __debug_instlnm -Xlinker /Users/ianrichardson/Library/Developer/Xcode/DerivedData/CheerPracticePlayer-gmffchwmywpbcjavdhbisbesxsco/Build/Intermediates.noindex/CheerPracticePlayer.build/Debug-iphonesimulator/CheerPracticePlayer.build/CheerPracticePlayer-DebugDylibInstallName-normal-arm64.txt -Xlinker -filelist -Xlinker /Users/ianrichardson/Library/Developer/Xcode/DerivedData/CheerPracticePlayer-gmffchwmywpbcjavdhbisbesxsco/Build/Intermediates.noindex/CheerPracticePlayer.build/Debug-iphonesimulator/CheerPracticePlayer.build/CheerPracticePlayer-ExecutorLinkFileList-normal-arm64.txt -Xlinker -sectcreate -Xlinker __TEXT -Xlinker __entitlements -Xlinker /Users/ianrichardson/Library/Developer/Xcode/DerivedData/CheerPracticePlayer-gmffchwmywpbcjavdhbisbesxsco/Build/Intermediates.noindex/CheerPracticePlayer.build/Debug-iphonesimulator/CheerPracticePlayer.build/CheerPracticePlayer.app-Simulated.xcent -Xlinker -sectcreate -Xlinker __TEXT -Xlinker __ents_der -Xlinker /Users/ianrichardson/Library/Developer/Xcode/DerivedData/CheerPracticePlayer-gmffchwmywpbcjavdhbisbesxsco/Build/Intermediates.noindex/CheerPracticePlayer.build/Debug-iphonesimulator/CheerPracticePlayer.build/CheerPracticePlayer.app-Simulated.xcent.der /Users/ianrichardson/Library/Developer/Xcode/DerivedData/CheerPracticePlayer-gmffchwmywpbcjavdhbisbesxsco/Build/Intermediates.noindex/CheerPracticePlayer.build/Debug-iphonesimulator/CheerPracticePlayer.build/Objects-normal/arm64/Binary/CheerPracticePlayer.debug.dylib -Xlinker -no_adhoc_codesign -o /Users/ianrichardson/Library/Developer/Xcode/DerivedData/CheerPracticePlayer-gmffchwmywpbcjavdhbisbesxsco/Build/Intermediates.noindex/CheerPracticePlayer.build/Debug-iphonesimulator/CheerPracticePlayer.build/Objects-normal/arm64/Binary/CheerPracticePlayer

CreateUniversalBinary /Users/ianrichardson/Library/Developer/Xcode/DerivedData/CheerPracticePlayer-gmffchwmywpbcjavdhbisbesxsco/Build/Products/Debug-iphonesimulator/CheerPracticePlayer.app/CheerPracticePlayer normal arm64\ x86_64 (in target 'CheerPracticePlayer' from project 'CheerPracticePlayer')
    cd /Users/ianrichardson/Projects/CheerPracticePlayer
    /Applications/Xcode.app/Contents/Developer/Toolchains/XcodeDefault.xctoolchain/usr/bin/lipo -create /Users/ianrichardson/Library/Developer/Xcode/DerivedData/CheerPracticePlayer-gmffchwmywpbcjavdhbisbesxsco/Build/Intermediates.noindex/CheerPracticePlayer.build/Debug-iphonesimulator/CheerPracticePlayer.build/Objects-normal/arm64/Binary/CheerPracticePlayer /Users/ianrichardson/Library/Developer/Xcode/DerivedData/CheerPracticePlayer-gmffchwmywpbcjavdhbisbesxsco/Build/Intermediates.noindex/CheerPracticePlayer.build/Debug-iphonesimulator/CheerPracticePlayer.build/Objects-normal/x86_64/Binary/CheerPracticePlayer -output /Users/ianrichardson/Library/Developer/Xcode/DerivedData/CheerPracticePlayer-gmffchwmywpbcjavdhbisbesxsco/Build/Products/Debug-iphonesimulator/CheerPracticePlayer.app/CheerPracticePlayer

LinkAssetCatalog /Users/ianrichardson/Projects/CheerPracticePlayer/Resources/Assets.xcassets (in target 'CheerPracticePlayer' from project 'CheerPracticePlayer')
    cd /Users/ianrichardson/Projects/CheerPracticePlayer
    builtin-linkAssetCatalog --thinned /Users/ianrichardson/Library/Developer/Xcode/DerivedData/CheerPracticePlayer-gmffchwmywpbcjavdhbisbesxsco/Build/Intermediates.noindex/CheerPracticePlayer.build/Debug-iphonesimulator/CheerPracticePlayer.build/assetcatalog_output/thinned --thinned-dependencies /Users/ianrichardson/Library/Developer/Xcode/DerivedData/CheerPracticePlayer-gmffchwmywpbcjavdhbisbesxsco/Build/Intermediates.noindex/CheerPracticePlayer.build/Debug-iphonesimulator/CheerPracticePlayer.build/assetcatalog_dependencies_thinned --thinned-info-plist-content /Users/ianrichardson/Library/Developer/Xcode/DerivedData/CheerPracticePlayer-gmffchwmywpbcjavdhbisbesxsco/Build/Intermediates.noindex/CheerPracticePlayer.build/Debug-iphonesimulator/CheerPracticePlayer.build/assetcatalog_generated_info.plist_thinned --unthinned /Users/ianrichardson/Library/Developer/Xcode/DerivedData/CheerPracticePlayer-gmffchwmywpbcjavdhbisbesxsco/Build/Intermediates.noindex/CheerPracticePlayer.build/Debug-iphonesimulator/CheerPracticePlayer.build/assetcatalog_output/unthinned --unthinned-dependencies /Users/ianrichardson/Library/Developer/Xcode/DerivedData/CheerPracticePlayer-gmffchwmywpbcjavdhbisbesxsco/Build/Intermediates.noindex/CheerPracticePlayer.build/Debug-iphonesimulator/CheerPracticePlayer.build/assetcatalog_dependencies_unthinned --unthinned-info-plist-content /Users/ianrichardson/Library/Developer/Xcode/DerivedData/CheerPracticePlayer-gmffchwmywpbcjavdhbisbesxsco/Build/Intermediates.noindex/CheerPracticePlayer.build/Debug-iphonesimulator/CheerPracticePlayer.build/assetcatalog_generated_info.plist_unthinned --output /Users/ianrichardson/Library/Developer/Xcode/DerivedData/CheerPracticePlayer-gmffchwmywpbcjavdhbisbesxsco/Build/Products/Debug-iphonesimulator/CheerPracticePlayer.app --plist-output /Users/ianrichardson/Library/Developer/Xcode/DerivedData/CheerPracticePlayer-gmffchwmywpbcjavdhbisbesxsco/Build/Intermediates.noindex/CheerPracticePlayer.build/Debug-iphonesimulator/CheerPracticePlayer.build/assetcatalog_generated_info.plist
note: Emplaced /Users/ianrichardson/Library/Developer/Xcode/DerivedData/CheerPracticePlayer-gmffchwmywpbcjavdhbisbesxsco/Build/Products/Debug-iphonesimulator/CheerPracticePlayer.app/Assets.car (in target 'CheerPracticePlayer' from project 'CheerPracticePlayer')
note: Emplaced /Users/ianrichardson/Library/Developer/Xcode/DerivedData/CheerPracticePlayer-gmffchwmywpbcjavdhbisbesxsco/Build/Products/Debug-iphonesimulator/CheerPracticePlayer.app/AppIcon76x76@2x~ipad.png (in target 'CheerPracticePlayer' from project 'CheerPracticePlayer')
note: Emplaced /Users/ianrichardson/Library/Developer/Xcode/DerivedData/CheerPracticePlayer-gmffchwmywpbcjavdhbisbesxsco/Build/Products/Debug-iphonesimulator/CheerPracticePlayer.app/AppIcon60x60@2x.png (in target 'CheerPracticePlayer' from project 'CheerPracticePlayer')

ProcessInfoPlistFile /Users/ianrichardson/Library/Developer/Xcode/DerivedData/CheerPracticePlayer-gmffchwmywpbcjavdhbisbesxsco/Build/Products/Debug-iphonesimulator/CheerPracticePlayer.app/Info.plist /Users/ianrichardson/Library/Developer/Xcode/DerivedData/CheerPracticePlayer-gmffchwmywpbcjavdhbisbesxsco/Build/Intermediates.noindex/CheerPracticePlayer.build/Debug-iphonesimulator/CheerPracticePlayer.build/empty-CheerPracticePlayer.plist (in target 'CheerPracticePlayer' from project 'CheerPracticePlayer')
    cd /Users/ianrichardson/Projects/CheerPracticePlayer
    builtin-infoPlistUtility /Users/ianrichardson/Library/Developer/Xcode/DerivedData/CheerPracticePlayer-gmffchwmywpbcjavdhbisbesxsco/Build/Intermediates.noindex/CheerPracticePlayer.build/Debug-iphonesimulator/CheerPracticePlayer.build/empty-CheerPracticePlayer.plist -producttype com.apple.product-type.application -genpkginfo /Users/ianrichardson/Library/Developer/Xcode/DerivedData/CheerPracticePlayer-gmffchwmywpbcjavdhbisbesxsco/Build/Products/Debug-iphonesimulator/CheerPracticePlayer.app/PkgInfo -expandbuildsettings -format binary -platform iphonesimulator -additionalcontentfile /Users/ianrichardson/Library/Developer/Xcode/DerivedData/CheerPracticePlayer-gmffchwmywpbcjavdhbisbesxsco/Build/Intermediates.noindex/CheerPracticePlayer.build/Debug-iphonesimulator/CheerPracticePlayer.build/assetcatalog_generated_info.plist -o /Users/ianrichardson/Library/Developer/Xcode/DerivedData/CheerPracticePlayer-gmffchwmywpbcjavdhbisbesxsco/Build/Products/Debug-iphonesimulator/CheerPracticePlayer.app/Info.plist

ExtractAppIntentsMetadata (in target 'CheerPracticePlayer' from project 'CheerPracticePlayer')
    cd /Users/ianrichardson/Projects/CheerPracticePlayer
    /Applications/Xcode.app/Contents/Developer/Toolchains/XcodeDefault.xctoolchain/usr/bin/appintentsmetadataprocessor --toolchain-dir /var/run/com.apple.security.cryptexd/mnt/com.apple.MobileAsset.MetalToolchain-v17.5.188.0.Lxk4vV/Metal.xctoolchain --module-name CheerPracticePlayer --sdk-root /Applications/Xcode.app/Contents/Developer/Platforms/iPhoneSimulator.platform/Developer/SDKs/iPhoneSimulator26.4.sdk --xcode-version 17E192 --platform-family iOS --deployment-target 18.0 --bundle-identifier com.ianrichardson.CheerPracticePlayer --output /Users/ianrichardson/Library/Developer/Xcode/DerivedData/CheerPracticePlayer-gmffchwmywpbcjavdhbisbesxsco/Build/Products/Debug-iphonesimulator/CheerPracticePlayer.app --target-triple arm64-apple-ios18.0-simulator --target-triple x86_64-apple-ios18.0-simulator --binary-file /Users/ianrichardson/Library/Developer/Xcode/DerivedData/CheerPracticePlayer-gmffchwmywpbcjavdhbisbesxsco/Build/Products/Debug-iphonesimulator/CheerPracticePlayer.app/CheerPracticePlayer --dependency-file /Users/ianrichardson/Library/Developer/Xcode/DerivedData/CheerPracticePlayer-gmffchwmywpbcjavdhbisbesxsco/Build/Intermediates.noindex/CheerPracticePlayer.build/Debug-iphonesimulator/CheerPracticePlayer.build/Objects-normal/arm64/CheerPracticePlayer_dependency_info.dat --dependency-file /Users/ianrichardson/Library/Developer/Xcode/DerivedData/CheerPracticePlayer-gmffchwmywpbcjavdhbisbesxsco/Build/Intermediates.noindex/CheerPracticePlayer.build/Debug-iphonesimulator/CheerPracticePlayer.build/Objects-normal/x86_64/CheerPracticePlayer_dependency_info.dat --stringsdata-file /Users/ianrichardson/Library/Developer/Xcode/DerivedData/CheerPracticePlayer-gmffchwmywpbcjavdhbisbesxsco/Build/Intermediates.noindex/CheerPracticePlayer.build/Debug-iphonesimulator/CheerPracticePlayer.build/Objects-normal/arm64/ExtractedAppShortcutsMetadata.stringsdata --stringsdata-file /Users/ianrichardson/Library/Developer/Xcode/DerivedData/CheerPracticePlayer-gmffchwmywpbcjavdhbisbesxsco/Build/Intermediates.noindex/CheerPracticePlayer.build/Debug-iphonesimulator/CheerPracticePlayer.build/Objects-normal/x86_64/ExtractedAppShortcutsMetadata.stringsdata --source-file-list /Users/ianrichardson/Library/Developer/Xcode/DerivedData/CheerPracticePlayer-gmffchwmywpbcjavdhbisbesxsco/Build/Intermediates.noindex/CheerPracticePlayer.build/Debug-iphonesimulator/CheerPracticePlayer.build/Objects-normal/arm64/CheerPracticePlayer.SwiftFileList --source-file-list /Users/ianrichardson/Library/Developer/Xcode/DerivedData/CheerPracticePlayer-gmffchwmywpbcjavdhbisbesxsco/Build/Intermediates.noindex/CheerPracticePlayer.build/Debug-iphonesimulator/CheerPracticePlayer.build/Objects-normal/x86_64/CheerPracticePlayer.SwiftFileList --metadata-file-list /Users/ianrichardson/Library/Developer/Xcode/DerivedData/CheerPracticePlayer-gmffchwmywpbcjavdhbisbesxsco/Build/Intermediates.noindex/CheerPracticePlayer.build/Debug-iphonesimulator/CheerPracticePlayer.build/CheerPracticePlayer.DependencyMetadataFileList --static-metadata-file-list /Users/ianrichardson/Library/Developer/Xcode/DerivedData/CheerPracticePlayer-gmffchwmywpbcjavdhbisbesxsco/Build/Intermediates.noindex/CheerPracticePlayer.build/Debug-iphonesimulator/CheerPracticePlayer.build/CheerPracticePlayer.DependencyStaticMetadataFileList --swift-const-vals-list /Users/ianrichardson/Library/Developer/Xcode/DerivedData/CheerPracticePlayer-gmffchwmywpbcjavdhbisbesxsco/Build/Intermediates.noindex/CheerPracticePlayer.build/Debug-iphonesimulator/CheerPracticePlayer.build/Objects-normal/arm64/CheerPracticePlayer.SwiftConstValuesFileList --swift-const-vals-list /Users/ianrichardson/Library/Developer/Xcode/DerivedData/CheerPracticePlayer-gmffchwmywpbcjavdhbisbesxsco/Build/Intermediates.noindex/CheerPracticePlayer.build/Debug-iphonesimulator/CheerPracticePlayer.build/Objects-normal/x86_64/CheerPracticePlayer.SwiftConstValuesFileList --compile-time-extraction --deployment-aware-processing --validate-assistant-intents --no-app-shortcuts-localization
2026-04-13 16:50:37.881 appintentsmetadataprocessor[90800:34176418] Starting appintentsmetadataprocessor export
2026-04-13 16:50:37.887 appintentsmetadataprocessor[90800:34176418] warning: Metadata extraction skipped. No AppIntents.framework dependency found.

CopySwiftLibs /Users/ianrichardson/Library/Developer/Xcode/DerivedData/CheerPracticePlayer-gmffchwmywpbcjavdhbisbesxsco/Build/Products/Debug-iphonesimulator/CheerPracticePlayer.app (in target 'CheerPracticePlayer' from project 'CheerPracticePlayer')
    cd /Users/ianrichardson/Projects/CheerPracticePlayer
    builtin-swiftStdLibTool --copy --verbose --sign - --scan-executable /Users/ianrichardson/Library/Developer/Xcode/DerivedData/CheerPracticePlayer-gmffchwmywpbcjavdhbisbesxsco/Build/Products/Debug-iphonesimulator/CheerPracticePlayer.app/CheerPracticePlayer.debug.dylib --scan-folder /Users/ianrichardson/Library/Developer/Xcode/DerivedData/CheerPracticePlayer-gmffchwmywpbcjavdhbisbesxsco/Build/Products/Debug-iphonesimulator/CheerPracticePlayer.app/Frameworks --scan-folder /Users/ianrichardson/Library/Developer/Xcode/DerivedData/CheerPracticePlayer-gmffchwmywpbcjavdhbisbesxsco/Build/Products/Debug-iphonesimulator/CheerPracticePlayer.app/PlugIns --scan-folder /Users/ianrichardson/Library/Developer/Xcode/DerivedData/CheerPracticePlayer-gmffchwmywpbcjavdhbisbesxsco/Build/Products/Debug-iphonesimulator/CheerPracticePlayer.app/SystemExtensions --scan-folder /Users/ianrichardson/Library/Developer/Xcode/DerivedData/CheerPracticePlayer-gmffchwmywpbcjavdhbisbesxsco/Build/Products/Debug-iphonesimulator/CheerPracticePlayer.app/Extensions --platform iphonesimulator --toolchain /var/run/com.apple.security.cryptexd/mnt/com.apple.MobileAsset.MetalToolchain-v17.5.188.0.Lxk4vV/Metal.xctoolchain --toolchain /Applications/Xcode.app/Contents/Developer/Toolchains/XcodeDefault.xctoolchain --destination /Users/ianrichardson/Library/Developer/Xcode/DerivedData/CheerPracticePlayer-gmffchwmywpbcjavdhbisbesxsco/Build/Products/Debug-iphonesimulator/CheerPracticePlayer.app/Frameworks --strip-bitcode --strip-bitcode-tool /Applications/Xcode.app/Contents/Developer/Toolchains/XcodeDefault.xctoolchain/usr/bin/bitcode_strip --emit-dependency-info /Users/ianrichardson/Library/Developer/Xcode/DerivedData/CheerPracticePlayer-gmffchwmywpbcjavdhbisbesxsco/Build/Intermediates.noindex/CheerPracticePlayer.build/Debug-iphonesimulator/CheerPracticePlayer.build/SwiftStdLibToolInputDependencies.dep --filter-for-swift-os --back-deploy-swift-span

AppIntentsSSUTraining (in target 'CheerPracticePlayer' from project 'CheerPracticePlayer')
    cd /Users/ianrichardson/Projects/CheerPracticePlayer
    /Applications/Xcode.app/Contents/Developer/Toolchains/XcodeDefault.xctoolchain/usr/bin/appintentsnltrainingprocessor --infoplist-path /Users/ianrichardson/Library/Developer/Xcode/DerivedData/CheerPracticePlayer-gmffchwmywpbcjavdhbisbesxsco/Build/Products/Debug-iphonesimulator/CheerPracticePlayer.app/Info.plist --temp-dir-path /Users/ianrichardson/Library/Developer/Xcode/DerivedData/CheerPracticePlayer-gmffchwmywpbcjavdhbisbesxsco/Build/Intermediates.noindex/CheerPracticePlayer.build/Debug-iphonesimulator/CheerPracticePlayer.build/ssu --bundle-id com.ianrichardson.CheerPracticePlayer --product-path /Users/ianrichardson/Library/Developer/Xcode/DerivedData/CheerPracticePlayer-gmffchwmywpbcjavdhbisbesxsco/Build/Products/Debug-iphonesimulator/CheerPracticePlayer.app --extracted-metadata-path /Users/ianrichardson/Library/Developer/Xcode/DerivedData/CheerPracticePlayer-gmffchwmywpbcjavdhbisbesxsco/Build/Products/Debug-iphonesimulator/CheerPracticePlayer.app/Metadata.appintents --metadata-file-list /Users/ianrichardson/Library/Developer/Xcode/DerivedData/CheerPracticePlayer-gmffchwmywpbcjavdhbisbesxsco/Build/Intermediates.noindex/CheerPracticePlayer.build/Debug-iphonesimulator/CheerPracticePlayer.build/CheerPracticePlayer.DependencyMetadataFileList --source-file /Users/ianrichardson/Library/Developer/Xcode/DerivedData/CheerPracticePlayer-gmffchwmywpbcjavdhbisbesxsco/Build/Products/Debug-iphonesimulator/CheerPracticePlayer.app/Info.plist --archive-ssu-assets
2026-04-13 16:50:37.908 appintentsnltrainingprocessor[90801:34176425] Parsing options for appintentsnltrainingprocessor
2026-04-13 16:50:37.909 appintentsnltrainingprocessor[90801:34176425] Starting AppIntents SSU YAML Generation
2026-04-13 16:50:37.912 appintentsnltrainingprocessor[90801:34176425] No AppShortcuts found - Skipping.

CodeSign /Users/ianrichardson/Library/Developer/Xcode/DerivedData/CheerPracticePlayer-gmffchwmywpbcjavdhbisbesxsco/Build/Products/Debug-iphonesimulator/CheerPracticePlayer.app/CheerPracticePlayer.debug.dylib (in target 'CheerPracticePlayer' from project 'CheerPracticePlayer')
    cd /Users/ianrichardson/Projects/CheerPracticePlayer
    
    Signing Identity:     "Sign to Run Locally"
    
    /usr/bin/codesign --force --sign - --timestamp\=none --generate-entitlement-der /Users/ianrichardson/Library/Developer/Xcode/DerivedData/CheerPracticePlayer-gmffchwmywpbcjavdhbisbesxsco/Build/Products/Debug-iphonesimulator/CheerPracticePlayer.app/CheerPracticePlayer.debug.dylib

CodeSign /Users/ianrichardson/Library/Developer/Xcode/DerivedData/CheerPracticePlayer-gmffchwmywpbcjavdhbisbesxsco/Build/Products/Debug-iphonesimulator/CheerPracticePlayer.app/__preview.dylib (in target 'CheerPracticePlayer' from project 'CheerPracticePlayer')
    cd /Users/ianrichardson/Projects/CheerPracticePlayer
    
    Signing Identity:     "Sign to Run Locally"
    
    /usr/bin/codesign --force --sign - --timestamp\=none --generate-entitlement-der /Users/ianrichardson/Library/Developer/Xcode/DerivedData/CheerPracticePlayer-gmffchwmywpbcjavdhbisbesxsco/Build/Products/Debug-iphonesimulator/CheerPracticePlayer.app/__preview.dylib

CodeSign /Users/ianrichardson/Library/Developer/Xcode/DerivedData/CheerPracticePlayer-gmffchwmywpbcjavdhbisbesxsco/Build/Products/Debug-iphonesimulator/CheerPracticePlayer.app (in target 'CheerPracticePlayer' from project 'CheerPracticePlayer')
    cd /Users/ianrichardson/Projects/CheerPracticePlayer
    
    Signing Identity:     "Sign to Run Locally"
    
    /usr/bin/codesign --force --sign - --timestamp\=none --generate-entitlement-der /Users/ianrichardson/Library/Developer/Xcode/DerivedData/CheerPracticePlayer-gmffchwmywpbcjavdhbisbesxsco/Build/Products/Debug-iphonesimulator/CheerPracticePlayer.app

RegisterExecutionPolicyException /Users/ianrichardson/Library/Developer/Xcode/DerivedData/CheerPracticePlayer-gmffchwmywpbcjavdhbisbesxsco/Build/Products/Debug-iphonesimulator/CheerPracticePlayer.app (in target 'CheerPracticePlayer' from project 'CheerPracticePlayer')
    cd /Users/ianrichardson/Projects/CheerPracticePlayer
    builtin-RegisterExecutionPolicyException /Users/ianrichardson/Library/Developer/Xcode/DerivedData/CheerPracticePlayer-gmffchwmywpbcjavdhbisbesxsco/Build/Products/Debug-iphonesimulator/CheerPracticePlayer.app

Validate /Users/ianrichardson/Library/Developer/Xcode/DerivedData/CheerPracticePlayer-gmffchwmywpbcjavdhbisbesxsco/Build/Products/Debug-iphonesimulator/CheerPracticePlayer.app (in target 'CheerPracticePlayer' from project 'CheerPracticePlayer')
    cd /Users/ianrichardson/Projects/CheerPracticePlayer
    builtin-validationUtility /Users/ianrichardson/Library/Developer/Xcode/DerivedData/CheerPracticePlayer-gmffchwmywpbcjavdhbisbesxsco/Build/Products/Debug-iphonesimulator/CheerPracticePlayer.app -shallow-bundle -infoplist-subpath Info.plist

Touch /Users/ianrichardson/Library/Developer/Xcode/DerivedData/CheerPracticePlayer-gmffchwmywpbcjavdhbisbesxsco/Build/Products/Debug-iphonesimulator/CheerPracticePlayer.app (in target 'CheerPracticePlayer' from project 'CheerPracticePlayer')
    cd /Users/ianrichardson/Projects/CheerPracticePlayer
    /usr/bin/touch -c /Users/ianrichardson/Library/Developer/Xcode/DerivedData/CheerPracticePlayer-gmffchwmywpbcjavdhbisbesxsco/Build/Products/Debug-iphonesimulator/CheerPracticePlayer.app

** BUILD SUCCEEDED **

